index,Best Performance
0,0.25242442
1,0.27501592
2,0.34894273
3,0.2542635
4,0.27022073
5,0.2542635
6,0.27501592
7,0.27501592
8,0.25701505
9,0.2542635
10,0.26354852
11,0.2402559
12,0.35138083
13,0.27022073
14,0.24430452
15,0.25701505
16,0.27022073
17,0.25701505
18,0.2542635
19,0.25701505
20,0.37223217
21,0.2542635
22,0.28077877
23,0.27501592
24,0.2542635
25,0.24430452
26,0.24430452
27,0.27022073
28,0.25242442
29,0.30445784
30,0.21842417
31,0.27501592
32,0.25701505
33,0.21842417
34,0.2542635
35,0.29413924
36,0.25658804
37,0.34590343
38,0.25701505
39,0.25701505
40,0.27022073
41,0.25242442
42,0.22773094
43,0.2542635
44,0.27022073
45,0.27501592
46,0.2542635
47,0.27501592
48,0.27501592
49,0.2613454
50,0.21842417
51,0.25701505
52,0.29413924
53,0.27501592
54,0.2780924
55,0.25701505
56,0.21842417
57,0.25242442
58,0.27501592
59,0.21842417
60,0.25242442
61,0.25701505
62,0.33109525
63,0.2542635
64,0.25701505
65,0.27022073
66,0.26850533
67,0.2542635
68,0.26471093
69,0.29936126
70,0.24970551
71,0.2542635
72,0.27501592
73,0.27022073
74,0.25242442
75,0.33407086
76,0.27501592
77,0.25701505
78,0.27501592
79,0.25701505
80,0.2542635
81,0.25701505
82,0.25701505
83,0.25242442
84,0.25242442
85,0.27022073
86,0.25701505
87,0.25242442
88,0.30445784
89,0.27501592
90,0.27501592
91,0.25701505
92,0.25242442
93,0.25242442
94,0.30445784
95,0.2899682
96,0.26425025
97,0.25701505
98,0.25701505
99,0.27501592
100,0.26354852
101,0.2542635
102,0.27501592
103,0.2542635
104,0.25701505
105,0.27022073
106,0.2542635
107,0.27244502
108,0.25701505
109,0.2899682
110,0.2542635
111,0.29413924
112,0.25701505
113,0.25701505
114,0.24430452
115,0.27022073
116,0.25701505
117,0.27022073
118,0.2713549
119,0.24430452
120,0.25701505
121,0.27501592
122,0.25701505
123,0.27022073
124,0.25701505
125,0.27501592
126,0.27501592
127,0.25670412
128,0.25701505
129,0.27501592
130,0.22773094
131,0.27501592
132,0.25242442
133,0.25701505
134,0.26864073
135,0.27022073
136,0.25701505
137,0.2542635
138,0.25701505
139,0.24970551
140,0.27022073
141,0.25701505
142,0.2542635
143,0.25701505
144,0.21842417
145,0.25701505
146,0.27501592
147,0.22773094
148,0.25701505
149,0.25242442
150,0.27022073
151,0.25701505
152,0.2897932
153,0.22773094
154,0.24430452
155,0.2542635
156,0.29936126
157,0.25701505
158,0.25701505
159,0.27501592
160,0.24970551
161,0.25242442
162,0.2542635
163,0.2542635
164,0.27501592
165,0.24970551
166,0.2780924
167,0.25701505
168,0.27022073
169,0.26354852
170,0.3257616
171,0.2780924
172,0.28216797
173,0.21842417
174,0.27501592
175,0.24970551
176,0.27501592
177,0.27022073
178,0.2542635
179,0.25701505
180,0.25701505
181,0.21842417
182,0.26391622
183,0.25701505
184,0.25242442
185,0.25242442
186,0.25701505
187,0.2542635
188,0.22773094
189,0.25701505
190,0.21842417
191,0.25701505
192,0.25242442
193,0.26354852
194,0.27501592
195,0.22773094
196,0.25701505
197,0.27022073
198,0.25701505
199,0.2542635
200,0.2780924
201,0.25701505
202,0.21842417
203,0.25701505
204,0.25701505
205,0.24430452
206,0.35138083
207,0.25242442
208,0.27501592
209,0.2613454
210,0.25701505
211,0.2542635
212,0.2542635
213,0.25242442
214,0.30445784
215,0.30445784
216,0.25242442
217,0.24970551
218,0.25701505
219,0.27022073
220,0.25701505
221,0.25701505
222,0.27501592
223,0.2542635
224,0.2542635
225,0.25701505
226,0.29936126
227,0.30445784
228,0.25701505
229,0.25701505
230,0.25701505
231,0.22773094
232,0.26866335
233,0.2542635
234,0.30445784
235,0.27501592
236,0.25701505
237,0.3257616
238,0.28728837
239,0.27501592
240,0.24970551
241,0.25701505
242,0.2542635
243,0.2542635
244,0.25242442
245,0.22773094
246,0.2780924
247,0.27501592
248,0.22773094
249,0.31223133
250,0.25242442
251,0.27501592
252,0.24970551
253,0.27501592
254,0.27022073
255,0.25701505
256,0.2542635
257,0.21842417
258,0.27501592
259,0.27501592
260,0.25062388
261,0.33109525
262,0.2780924
263,0.25242442
264,0.25701505
265,0.2402559
266,0.2542635
267,0.25701505
268,0.2542635
269,0.2542635
270,0.25658804
271,0.2542635
272,0.27501592
273,0.26864073
274,0.27501592
275,0.25701505
276,0.25242442
277,0.25242442
278,0.24970551
279,0.32871282
280,0.27501592
281,0.32871282
282,0.25701505
283,0.2542635
284,0.29936126
285,0.26864073
286,0.25701505
287,0.25701505
288,0.24430452
289,0.28028536
290,0.27022073
291,0.2542635
292,0.25701505
293,0.27501592
294,0.2542635
295,0.33407086
296,0.2542635
297,0.27501592
298,0.25701505
299,0.27022073
300,0.27022073
301,0.2713549
302,0.2542635
303,0.27501592
304,0.27022073
305,0.27501592
306,0.2542635
307,0.21842417
308,0.27022073
309,0.27022073
310,0.285688
311,0.26864073
312,0.27811646
313,0.25242442
314,0.25701505
315,0.25701505
316,0.2542635
317,0.21842417
318,0.27022073
319,0.27501592
320,0.2780924
321,0.24970551
322,0.27244502
323,0.2542635
324,0.2542635
325,0.2542635
326,0.25701505
327,0.25242442
328,0.25701505
329,0.25701505
330,0.21842417
331,0.27501592
332,0.27022073
333,0.2542635
334,0.24970551
335,0.28728837
336,0.24430452
337,0.27501592
338,0.27501592
339,0.25242442
340,0.2542635
341,0.2899682
342,0.27022073
343,0.27501592
344,0.27022073
345,0.27022073
346,0.29413924
347,0.27501592
348,0.25701505
349,0.27501592
350,0.27022073
351,0.2780924
352,0.36659908
353,0.27022073
354,0.25701505
355,0.24430452
356,0.25242442
357,0.2899682
358,0.25701505
359,0.27022073
360,0.24970551
361,0.22773094
362,0.27022073
363,0.25701505
364,0.3257616
365,0.26864073
366,0.25701505
367,0.25701505
368,0.2542635
369,0.25242442
370,0.27501592
371,0.27022073
372,0.24430452
373,0.26864073
374,0.27022073
375,0.24430452
376,0.25701505
377,0.2542635
378,0.21842417
379,0.2899682
380,0.27501592
381,0.2402559
382,0.2899682
383,0.27501592
384,0.285688
385,0.25701505
386,0.25701505
387,0.25701505
388,0.25701505
389,0.25701505
390,0.2305901
391,0.30445784
392,0.2542635
393,0.25701505
394,0.24970551
395,0.27022073
396,0.37223217
397,0.27022073
398,0.25701505
399,0.26864073
400,0.25701505
401,0.27501592
402,0.30445784
403,0.2542635
404,0.22773094
405,0.2542635
406,0.25242442
407,0.2542635
408,0.27501592
409,0.2542635
410,0.25701505
411,0.25242442
412,0.27501592
413,0.2542635
414,0.21842417
415,0.2613454
416,0.27501592
417,0.25701505
418,0.25242442
419,0.30445784
420,0.2780924
421,0.2780924
422,0.24430452
423,0.2613454
424,0.22773094
425,0.2542635
426,0.27501592
427,0.29936126
428,0.27501592
429,0.2542635
430,0.25242442
431,0.27022073
432,0.27022073
433,0.27022073
434,0.35138083
435,0.29936126
436,0.27501592
437,0.27501592
438,0.24970551
439,0.29936126
440,0.27501592
441,0.27501592
442,0.25242442
443,0.25701505
444,0.27022073
445,0.21842417
446,0.27022073
447,0.31223133
448,0.25701505
449,0.25701505
450,0.29413924
451,0.25701505
452,0.25242442
453,0.27022073
454,0.29413924
455,0.2542635
456,0.24430452
457,0.22773094
458,0.25701505
459,0.24970551
460,0.24430452
461,0.2542635
462,0.27022073
463,0.21842417
464,0.22773094
465,0.25242442
466,0.27022073
467,0.27501592
468,0.2780924
469,0.25701505
470,0.21842417
471,0.2542635
472,0.27501592
473,0.27022073
474,0.27501592
475,0.2542635
476,0.25701505
477,0.285688
478,0.26610914
479,0.2780924
480,0.2542635
481,0.22773094
482,0.25701505
483,0.27501592
484,0.25701505
485,0.26850533
486,0.27501592
487,0.27022073
488,0.25701505
489,0.27501592
490,0.25701505
491,0.26864073
492,0.24970551
493,0.2542635
494,0.25701505
495,0.24430452
496,0.28216797
497,0.2542635
498,0.25670412
499,0.29936126
500,0.27501592
501,0.25701505
502,0.29936126
503,0.27022073
504,0.24970551
505,0.24970551
506,0.25701505
507,0.25242442
508,0.24970551
509,0.21842417
510,0.25701505
511,0.27244502
512,0.25701505
513,0.27501592
514,0.24970551
515,0.21842417
516,0.25242442
517,0.35138083
518,0.22773094
519,0.25701505
520,0.28216797
521,0.33407086
522,0.28077877
523,0.25701505
524,0.27022073
525,0.27022073
526,0.3257616
527,0.25701505
528,0.29413924
529,0.24970551
530,0.25701505
531,0.21842417
532,0.25701505
533,0.24430452
534,0.2542635
535,0.27501592
536,0.25242442
537,0.24970551
538,0.25701505
539,0.21842417
540,0.25242442
541,0.2542635
542,0.2542635
543,0.25701505
544,0.24430452
545,0.26864073
546,0.2899682
547,0.25701505
548,0.25701505
549,0.27501592
550,0.25701505
551,0.2542635
552,0.24970551
553,0.27022073
554,0.27022073
555,0.27501592
556,0.2780924
557,0.36837533
558,0.24970551
559,0.25242442
560,0.2542635
561,0.24430452
562,0.2542635
563,0.29936126
564,0.27501592
565,0.27501592
566,0.25701505
567,0.25701505
568,0.2542635
569,0.27022073
570,0.2542635
571,0.26354852
572,0.25242442
573,0.27811646
574,0.2542635
575,0.27022073
576,0.25701505
577,0.25701505
578,0.25242442
579,0.25701505
580,0.27501592
581,0.2899682
582,0.27501592
583,0.27022073
584,0.2542635
585,0.24430452
586,0.26354852
587,0.27501592
588,0.28216797
589,0.21842417
590,0.25242442
591,0.27022073
592,0.2897932
593,0.2542635
594,0.26610914
595,0.27501592
596,0.25701505
597,0.25701505
598,0.25701505
599,0.27501592
600,0.32871282
601,0.27022073
602,0.27022073
603,0.25701505
604,0.27022073
605,0.27022073
606,0.27022073
607,0.35138083
608,0.2542635
609,0.2772958
610,0.26354852
611,0.27501592
612,0.25701505
613,0.25701505
614,0.25242442
615,0.27022073
616,0.2542635
617,0.25242442
618,0.27022073
619,0.2542635
620,0.27501592
621,0.2542635
622,0.24970551
623,0.25701505
624,0.2542635
625,0.2542635
626,0.33407086
627,0.21842417
628,0.25701505
629,0.25701505
630,0.25701505
631,0.27022073
632,0.25242442
633,0.36659908
634,0.27022073
635,0.27022073
636,0.25701505
637,0.27501592
638,0.27501592
639,0.2542635
640,0.30445784
641,0.27501592
642,0.25701505
643,0.25701505
644,0.25701505
645,0.2542635
646,0.2613454
647,0.2542635
648,0.2613454
649,0.24430452
650,0.25701505
651,0.27022073
652,0.2780924
653,0.25701505
654,0.27501592
655,0.27022073
656,0.25701505
657,0.23975211
658,0.29413924
659,0.2542635
660,0.25701505
661,0.27022073
662,0.2542635
663,0.24970551
664,0.27501592
665,0.25701505
666,0.31430033
667,0.25701505
668,0.25701505
669,0.27501592
670,0.27022073
671,0.22773094
672,0.21842417
673,0.2542635
674,0.2542635
675,0.3544564
676,0.24430452
677,0.27501592
678,0.21842417
679,0.25701505
680,0.2542635
681,0.25701505
682,0.27022073
683,0.21842417
684,0.21842417
685,0.31223133
686,0.28216797
687,0.2542635
688,0.2542635
689,0.33109525
690,0.25701505
691,0.27501592
692,0.2713549
693,0.24970551
694,0.285688
695,0.28077877
696,0.27501592
697,0.2542635
698,0.27501592
699,0.25701505
700,0.25242442
701,0.26610914
702,0.2542635
703,0.25701505
704,0.25701505
705,0.25701505
706,0.27022073
707,0.2542635
708,0.27022073
709,0.2713549
710,0.2897932
711,0.24430452
712,0.25701505
713,0.25670412
714,0.25701505
715,0.27501592
716,0.21842417
717,0.24970551
718,0.27022073
719,0.25701505
720,0.2542635
721,0.30445784
722,0.25701505
723,0.25701505
724,0.36659908
725,0.25242442
726,0.27501592
727,0.25242442
728,0.25701505
729,0.25701505
730,0.2542635
731,0.27501592
732,0.27022073
733,0.2780924
734,0.24970551
735,0.30911222
736,0.2542635
737,0.27022073
738,0.24430452
739,0.25701505
740,0.27022073
741,0.29413924
742,0.25701505
743,0.27022073
744,0.25242442
745,0.2542635
746,0.2780924
747,0.28216797
748,0.27022073
749,0.26850533
750,0.24970551
751,0.21842417
752,0.28077877
753,0.27022073
754,0.24970551
755,0.25242442
756,0.27501592
757,0.27501592
758,0.25701505
759,0.25701505
760,0.25701505
761,0.26864073
762,0.25701505
763,0.25701505
764,0.28077877
765,0.25701505
766,0.25242442
767,0.27501592
768,0.24970551
769,0.25197324
770,0.25701505
771,0.2542635
772,0.2899682
773,0.25701505
774,0.25701505
775,0.21842417
776,0.2542635
777,0.25670412
778,0.27501592
779,0.25701505
780,0.26864073
781,0.25701505
782,0.2542635
783,0.26850533
784,0.26864073
785,0.21842417
786,0.27022073
787,0.27501592
788,0.25701505
789,0.24430452
790,0.27022073
791,0.2542635
792,0.25242442
793,0.21842417
794,0.2780924
795,0.27501592
796,0.25701505
797,0.25670412
798,0.25701505
799,0.27501592
800,0.29936126
801,0.2613454
802,0.27501592
803,0.25701505
804,0.22773094
805,0.25701505
806,0.25701505
807,0.25701505
808,0.21842417
809,0.24430452
810,0.25701505
811,0.30445784
812,0.25701505
813,0.2542635
814,0.25242442
815,0.24970551
816,0.25242442
817,0.27022073
818,0.25242442
819,0.25197324
820,0.24430452
821,0.36837533
822,0.25701505
823,0.27501592
824,0.24970551
825,0.25062388
826,0.27022073
827,0.25670412
828,0.25701505
829,0.25701505
830,0.29936126
831,0.21842417
832,0.2772958
833,0.25701505
834,0.2542635
835,0.25701505
836,0.2542635
837,0.27501592
838,0.2542635
839,0.27022073
840,0.25242442
841,0.27501592
842,0.24430452
843,0.24430452
844,0.25701505
845,0.25701505
846,0.27501592
847,0.24970551
848,0.25670412
849,0.25701505
850,0.27501592
851,0.25701505
852,0.25242442
853,0.25701505
854,0.25701505
855,0.25701505
856,0.27501592
857,0.25197324
858,0.25701505
859,0.25242442
860,0.2613454
861,0.27022073
862,0.2897932
863,0.25701505
864,0.26354852
865,0.25701505
866,0.2772958
867,0.2542635
868,0.27501592
869,0.2542635
870,0.2542635
871,0.21842417
872,0.27501592
873,0.2542635
874,0.25701505
875,0.30445784
876,0.26354852
877,0.25701505
878,0.25701505
879,0.31430033
880,0.27022073
881,0.2542635
882,0.25701505
883,0.25701505
884,0.21842417
885,0.30445784
886,0.25701505
887,0.2542635
888,0.21842417
889,0.26354852
890,0.27022073
891,0.27501592
892,0.27501592
893,0.27501592
894,0.24849233
895,0.25701505
896,0.28216797
897,0.25701505
898,0.26354852
899,0.22773094
900,0.25701505
901,0.25701505
902,0.2542635
903,0.2542635
904,0.2542635
905,0.25242442
906,0.2542635
907,0.2542635
908,0.24970551
909,0.24970551
910,0.25701505
911,0.27244502
912,0.22773094
913,0.25701505
914,0.27022073
915,0.25701505
916,0.24430452
917,0.21842417
918,0.2542635
919,0.25701505
920,0.27022073
921,0.27501592
922,0.25701505
923,0.21842417
924,0.24970551
925,0.26222986
926,0.25242442
927,0.27501592
928,0.2542635
929,0.25242442
930,0.2542635
931,0.25701505
932,0.24970551
933,0.29936126
934,0.25242442
935,0.285688
936,0.25701505
937,0.21842417
938,0.30445784
939,0.2542635
940,0.27811646
941,0.25242442
942,0.2542635
943,0.28216797
944,0.28216797
945,0.27501592
946,0.25242442
947,0.24430452
948,0.25701505
949,0.25242442
950,0.25701505
951,0.24970551
952,0.25701505
953,0.25701505
954,0.24970551
955,0.25701505
956,0.35138083
957,0.25701505
958,0.25701505
959,0.2613454
960,0.2542635
961,0.29936126
962,0.27501592
963,0.25701505
964,0.2542635
965,0.27501592
966,0.2542635
967,0.2542635
968,0.25242442
969,0.2780924
970,0.25701505
971,0.2542635
972,0.25701505
973,0.21842417
974,0.2780924
975,0.25701505
976,0.25701505
977,0.27501592
978,0.22773094
979,0.21842417
980,0.27501592
981,0.27501592
982,0.26354852
983,0.25242442
984,0.22773094
985,0.27022073
986,0.27501592
987,0.25701505
988,0.2542635
989,0.25670412
990,0.30445784
991,0.25242442
992,0.25701505
993,0.25242442
994,0.25701505
995,0.24970551
996,0.22773094
997,0.25701505
998,0.25701505
999,0.26222986
1000,0.27501592
1001,0.27022073
1002,0.2542635
1003,0.2897932
1004,0.27501592
1005,0.25701505
1006,0.24359664
1007,0.25701505
1008,0.25701505
1009,0.25701505
1010,0.2542635
1011,0.25701505
1012,0.28077877
1013,0.25701505
1014,0.25701505
1015,0.26354852
1016,0.27501592
1017,0.27501592
1018,0.21842417
1019,0.30445784
1020,0.27501592
1021,0.27501592
1022,0.25242442
1023,0.25242442
1024,0.2668215
1025,0.25701505
1026,0.27022073
1027,0.25701505
1028,0.24970551
1029,0.2542635
1030,0.25701505
1031,0.21842417
1032,0.2542635
1033,0.27501592
1034,0.25242442
1035,0.27501592
1036,0.25701505
1037,0.24430452
1038,0.25701505
1039,0.27501592
1040,0.27501592
1041,0.25242442
1042,0.30445784
1043,0.25701505
1044,0.22773094
1045,0.2542635
1046,0.22773094
1047,0.2542635
1048,0.2542635
1049,0.27501592
1050,0.3458894
1051,0.30445784
1052,0.25197324
1053,0.27022073
1054,0.2542635
1055,0.2542635
1056,0.2542635
1057,0.2542635
1058,0.285688
1059,0.38962936
1060,0.22773094
1061,0.26425025
1062,0.26354852
1063,0.25701505
1064,0.25701505
1065,0.28728837
1066,0.27022073
1067,0.29936126
1068,0.27022073
1069,0.2780924
1070,0.25701505
1071,0.2899682
1072,0.25701505
1073,0.26864073
1074,0.29413924
1075,0.24970551
1076,0.2542635
1077,0.2542635
1078,0.27022073
1079,0.21842417
1080,0.26354852
1081,0.2542635
1082,0.24430452
1083,0.26850533
1084,0.2780924
1085,0.25701505
1086,0.25701505
1087,0.30445784
1088,0.21842417
1089,0.2542635
1090,0.24970551
1091,0.2542635
1092,0.27501592
1093,0.2542635
1094,0.32871282
1095,0.27501592
1096,0.27022073
1097,0.25701505
1098,0.24430452
1099,0.25701505
1100,0.25701505
1101,0.21842417
1102,0.25242442
1103,0.29936126
1104,0.25701505
1105,0.25701505
1106,0.27022073
1107,0.25701505
1108,0.24970551
1109,0.27501592
1110,0.2542635
1111,0.27022073
1112,0.27022073
1113,0.27501592
1114,0.27501592
1115,0.33407086
1116,0.30445784
1117,0.25701505
1118,0.24970551
1119,0.25242442
1120,0.24970551
1121,0.25701505
1122,0.2542635
1123,0.25242442
1124,0.24430452
1125,0.2780924
1126,0.25701505
1127,0.2542635
1128,0.29413924
1129,0.24430452
1130,0.25701505
1131,0.24970551
1132,0.25242442
1133,0.28077877
1134,0.22773094
1135,0.2780924
1136,0.25701505
1137,0.21842417
1138,0.25701505
1139,0.27501592
1140,0.27022073
1141,0.27501592
1142,0.24430452
1143,0.22773094
1144,0.27501592
1145,0.25701505
1146,0.27501592
1147,0.24970551
1148,0.25701505
1149,0.22773094
1150,0.24970551
1151,0.27501592
1152,0.25701505
1153,0.25701505
1154,0.25701505
1155,0.24970551
1156,0.25701505
1157,0.25701505
1158,0.2542635
1159,0.25242442
1160,0.2780924
1161,0.27501592
1162,0.27022073
1163,0.21842417
1164,0.27022073
1165,0.25701505
1166,0.25701505
1167,0.25701505
1168,0.2897932
1169,0.27501592
1170,0.26425025
1171,0.25701505
1172,0.2542635
1173,0.2542635
1174,0.2542635
1175,0.26864073
1176,0.27022073
1177,0.36837533
1178,0.27022073
1179,0.21842417
1180,0.25701505
1181,0.2542635
1182,0.25701505
1183,0.25701505
1184,0.27501592
1185,0.25701505
1186,0.25242442
1187,0.25701505
1188,0.24970551
1189,0.21842417
1190,0.26425025
1191,0.30445784
1192,0.25701505
1193,0.2613454
1194,0.25701505
1195,0.26471093
1196,0.2542635
1197,0.25701505
1198,0.2542635
1199,0.25701505
1200,0.24430452
1201,0.25701505
1202,0.25701505
1203,0.2542635
1204,0.21842417
1205,0.35138083
1206,0.30445784
1207,0.27501592
1208,0.2542635
1209,0.26471093
1210,0.25701505
1211,0.36659908
1212,0.3458894
1213,0.24970551
1214,0.27022073
1215,0.2542635
1216,0.2542635
1217,0.30445784
1218,0.36659908
1219,0.2713549
1220,0.25701505
1221,0.25701505
1222,0.27022073
1223,0.2542635
1224,0.22773094
1225,0.27022073
1226,0.2542635
1227,0.24970551
1228,0.2780924
1229,0.27501592
1230,0.2713549
1231,0.35138083
1232,0.24970551
1233,0.27501592
1234,0.25242442
1235,0.25701505
1236,0.30445784
1237,0.25242442
1238,0.27501592
1239,0.25701505
1240,0.27022073
1241,0.27022073
1242,0.2542635
1243,0.29936126
1244,0.25701505
1245,0.25701505
1246,0.24430452
1247,0.2542635
1248,0.37223217
1249,0.29936126
1250,0.27501592
1251,0.21842417
1252,0.30445784
1253,0.30445784
1254,0.2542635
1255,0.2542635
1256,0.27022073
1257,0.27501592
1258,0.25701505
1259,0.25242442
1260,0.27022073
1261,0.26850533
1262,0.25701505
1263,0.27672833
1264,0.25701505
1265,0.27501592
1266,0.25242442
1267,0.27022073
1268,0.25701505
1269,0.25701505
1270,0.2897932
1271,0.25701505
1272,0.25242442
1273,0.25701505
1274,0.25242442
1275,0.25701505
1276,0.2542635
1277,0.25701505
1278,0.25701505
1279,0.25701505
1280,0.25701505
1281,0.22773094
1282,0.24970551
1283,0.21842417
1284,0.27501592
1285,0.2780924
1286,0.2542635
1287,0.27501592
1288,0.26850533
1289,0.25701505
1290,0.2613454
1291,0.27501592
1292,0.2542635
1293,0.2542635
1294,0.27501592
1295,0.25242442
1296,0.3257616
1297,0.27501592
1298,0.27501592
1299,0.3544564
1300,0.25242442
1301,0.25701505
1302,0.25701505
1303,0.25701505
1304,0.2542635
1305,0.21842417
1306,0.25701505
1307,0.22773094
1308,0.25701505
1309,0.2542635
1310,0.24970551
1311,0.3458894
1312,0.27501592
1313,0.285688
1314,0.25701505
1315,0.25242442
1316,0.21842417
1317,0.27501592
1318,0.27501592
1319,0.2542635
1320,0.22773094
1321,0.25701505
1322,0.25242442
1323,0.27022073
1324,0.25242442
1325,0.25701505
1326,0.27022073
1327,0.25701505
1328,0.27501592
1329,0.25701505
1330,0.2613454
1331,0.22773094
1332,0.24970551
1333,0.28728837
1334,0.27022073
1335,0.25701505
1336,0.24430452
1337,0.35138083
1338,0.285688
1339,0.25701505
1340,0.2542635
1341,0.28216797
1342,0.2542635
1343,0.27501592
1344,0.27501592
1345,0.21842417
1346,0.2542635
1347,0.2542635
1348,0.25701505
1349,0.27501592
1350,0.25242442
1351,0.27501592
1352,0.2542635
1353,0.2542635
1354,0.25701505
1355,0.24970551
1356,0.25701505
1357,0.24430452
1358,0.2772958
1359,0.25242442
1360,0.25242442
1361,0.2542635
1362,0.26471093
1363,0.2542635
1364,0.25701505
1365,0.27022073
1366,0.27501592
1367,0.30445784
1368,0.25701505
1369,0.25701505
1370,0.30445784
1371,0.2542635
1372,0.33407086
1373,0.27501592
1374,0.27501592
1375,0.25242442
1376,0.27022073
1377,0.25701505
1378,0.28728837
1379,0.3458894
1380,0.25242442
1381,0.33407086
1382,0.25701505
1383,0.2542635
1384,0.25701505
1385,0.25701505
1386,0.25242442
1387,0.24359664
1388,0.25701505
1389,0.27501592
1390,0.27022073
1391,0.24430452
1392,0.2542635
1393,0.30445784
1394,0.27501592
1395,0.25701505
1396,0.27501592
1397,0.25701505
1398,0.25701505
1399,0.25701505
1400,0.25242442
1401,0.25242442
1402,0.2542635
1403,0.25701505
1404,0.21842417
1405,0.25242442
1406,0.27501592
1407,0.2542635
1408,0.24970551
1409,0.24970551
1410,0.27022073
1411,0.2542635
1412,0.25242442
1413,0.25242442
1414,0.27022073
1415,0.25242442
1416,0.2542635
1417,0.35139498
1418,0.28216797
1419,0.25701505
1420,0.27501592
1421,0.28216797
1422,0.2713549
1423,0.24430452
1424,0.25701505
1425,0.35139498
1426,0.27022073
1427,0.24430452
1428,0.27022073
1429,0.25701505
1430,0.25242442
1431,0.2780924
1432,0.29936126
1433,0.29413924
1434,0.2542635
1435,0.25701505
1436,0.24359664
1437,0.25701505
1438,0.2542635
1439,0.33109525
1440,0.25242442
1441,0.25242442
1442,0.31223133
1443,0.21842417
1444,0.24430452
1445,0.2772958
1446,0.2542635
1447,0.25701505
1448,0.2542635
1449,0.2305901
1450,0.25701505
1451,0.27501592
1452,0.25242442
1453,0.27501592
1454,0.27501592
1455,0.27022073
1456,0.28728837
1457,0.25242442
1458,0.24430452
1459,0.2542635
1460,0.2613454
1461,0.3458894
1462,0.27501592
1463,0.27501592
1464,0.27022073
1465,0.30445784
1466,0.2613454
1467,0.27022073
1468,0.25701505
1469,0.25242442
1470,0.27501592
1471,0.2542635
1472,0.2713549
1473,0.26391622
1474,0.26471093
1475,0.21842417
1476,0.25701505
1477,0.27022073
1478,0.26850533
1479,0.24970551
1480,0.35138083
1481,0.24970551
1482,0.27501592
1483,0.36659908
1484,0.27022073
1485,0.2542635
1486,0.2542635
1487,0.27501592
1488,0.25701505
1489,0.24430452
1490,0.25701505
1491,0.31223133
1492,0.29936126
1493,0.27501592
1494,0.27022073
1495,0.27022073
1496,0.2542635
1497,0.24430452
1498,0.2542635
1499,0.27022073
1500,0.25242442
1501,0.25701505
1502,0.3257616
1503,0.2542635
1504,0.2542635
1505,0.25701505
1506,0.27501592
1507,0.27022073
1508,0.27022073
1509,0.2542635
1510,0.27501592
1511,0.2613454
1512,0.25701505
1513,0.2542635
1514,0.25701505
1515,0.2542635
1516,0.2542635
1517,0.24970551
1518,0.27501592
1519,0.25701505
1520,0.27501592
1521,0.2542635
1522,0.2542635
1523,0.2542635
1524,0.22773094
1525,0.27501592
1526,0.34590343
1527,0.31223133
1528,0.27501592
1529,0.29936126
1530,0.27501592
1531,0.21842417
1532,0.24970551
1533,0.27022073
1534,0.27022073
1535,0.27501592
1536,0.27501592
1537,0.27022073
1538,0.27022073
1539,0.2542635
1540,0.25701505
1541,0.25701505
1542,0.26864073
1543,0.25701505
1544,0.25701505
1545,0.21842417
1546,0.25701505
1547,0.22773094
1548,0.25701505
1549,0.25701505
1550,0.25242442
1551,0.27022073
1552,0.2542635
1553,0.25701505
1554,0.25701505
1555,0.2542635
1556,0.27672833
1557,0.27022073
1558,0.25701505
1559,0.25242442
1560,0.24970551
1561,0.30445784
1562,0.29936126
1563,0.25701505
1564,0.25242442
1565,0.27022073
1566,0.35138083
1567,0.21842417
1568,0.2542635
1569,0.28077877
1570,0.21842417
1571,0.22773094
1572,0.27022073
1573,0.25701505
1574,0.27022073
1575,0.3458894
1576,0.2542635
1577,0.29413924
1578,0.25242442
1579,0.2780924
1580,0.25701505
1581,0.27501592
1582,0.27501592
1583,0.22773094
1584,0.27022073
1585,0.2542635
1586,0.25701505
1587,0.27501592
1588,0.2542635
1589,0.2542635
1590,0.25701505
1591,0.2542635
1592,0.27501592
1593,0.24970551
1594,0.25062388
1595,0.24430452
1596,0.3458894
1597,0.25670412
1598,0.2613454
1599,0.2613454
1600,0.23975211
1601,0.25701505
1602,0.2542635
1603,0.26222986
1604,0.25701505
1605,0.26391622
1606,0.25701505
1607,0.26354852
1608,0.27022073
1609,0.2542635
1610,0.2542635
1611,0.24430452
1612,0.27022073
1613,0.3544564
1614,0.24430452
1615,0.27501592
1616,0.21842417
1617,0.2542635
1618,0.25701505
1619,0.24970551
1620,0.25701505
1621,0.27501592
1622,0.2542635
1623,0.27022073
1624,0.25242442
1625,0.27022073
1626,0.25242442
1627,0.24970551
1628,0.25701505
1629,0.2542635
1630,0.2542635
1631,0.25701505
1632,0.33407086
1633,0.27501592
1634,0.25701505
1635,0.27022073
1636,0.25701505
1637,0.25701505
1638,0.27022073
1639,0.27501592
1640,0.25242442
1641,0.27501592
1642,0.25701505
1643,0.2780924
1644,0.27501592
1645,0.2542635
1646,0.2542635
1647,0.25701505
1648,0.27022073
1649,0.2542635
1650,0.30445784
1651,0.2542635
1652,0.30445784
1653,0.25701505
1654,0.27501592
1655,0.25701505
1656,0.25701505
1657,0.25242442
1658,0.25701505
1659,0.24970551
1660,0.25242442
1661,0.27501592
1662,0.21842417
1663,0.25242442
1664,0.32872653
1665,0.27501592
1666,0.22773094
1667,0.21842417
1668,0.25701505
1669,0.27022073
1670,0.24970551
1671,0.28216797
1672,0.27501592
1673,0.30445784
1674,0.25701505
1675,0.27022073
1676,0.2542635
1677,0.27501592
1678,0.25701505
1679,0.25242442
1680,0.27022073
1681,0.27022073
1682,0.2542635
1683,0.24970551
1684,0.26864073
1685,0.27501592
1686,0.27501592
1687,0.2542635
1688,0.24970551
1689,0.25701505
1690,0.27022073
1691,0.29936126
1692,0.25242442
1693,0.27022073
1694,0.25242442
1695,0.25701505
1696,0.26864073
1697,0.30445784
1698,0.21842417
1699,0.25701505
1700,0.27501592
1701,0.25701505
1702,0.25701505
1703,0.25701505
1704,0.25701505
1705,0.25242442
1706,0.25242442
1707,0.27501592
1708,0.25242442
1709,0.22773094
1710,0.2542635
1711,0.27501592
1712,0.27022073
1713,0.2542635
1714,0.25701505
1715,0.2780924
1716,0.25701505
1717,0.2542635
1718,0.2542635
1719,0.27501592
1720,0.2542635
1721,0.25701505
1722,0.24970551
1723,0.27501592
1724,0.2542635
1725,0.2542635
1726,0.27501592
1727,0.28216797
1728,0.21842417
1729,0.26864073
1730,0.2613454
1731,0.25701505
1732,0.27501592
1733,0.24970551
1734,0.2542635
1735,0.24430452
1736,0.25242442
1737,0.34376818
1738,0.2542635
1739,0.2542635
1740,0.25701505
1741,0.30445784
1742,0.24970551
1743,0.27501592
1744,0.2402559
1745,0.25701505
1746,0.27501592
1747,0.30097958
1748,0.27501592
1749,0.27022073
1750,0.2542635
1751,0.27501592
1752,0.25701505
1753,0.30445784
1754,0.2305901
1755,0.27022073
1756,0.25670412
1757,0.2780924
1758,0.28728837
1759,0.25701505
1760,0.25701505
1761,0.25242442
1762,0.25701505
1763,0.28216797
1764,0.27501592
1765,0.25701505
1766,0.25701505
1767,0.27022073
1768,0.27022073
1769,0.21842417
1770,0.25701505
1771,0.25701505
1772,0.24970551
1773,0.27022073
1774,0.27501592
1775,0.27501592
1776,0.25242442
1777,0.21842417
1778,0.27501592
1779,0.2542635
1780,0.27022073
1781,0.2542635
1782,0.2305901
1783,0.23975211
1784,0.22773094
1785,0.25701505
1786,0.2988435
1787,0.24430452
1788,0.27501592
1789,0.25242442
1790,0.24970551
1791,0.27501592
1792,0.2780924
1793,0.25701505
1794,0.25701505
1795,0.2542635
1796,0.26471093
1797,0.25701505
1798,0.25701505
1799,0.25701505
1800,0.2542635
1801,0.25701505
1802,0.2542635
1803,0.2305901
1804,0.27501592
1805,0.24970551
1806,0.25701505
1807,0.25242442
1808,0.25701505
1809,0.25701505
1810,0.26850533
1811,0.21842417
1812,0.27022073
1813,0.27501592
1814,0.27501592
1815,0.33109525
1816,0.24430452
1817,0.2542635
1818,0.25701505
1819,0.25701505
1820,0.27501592
1821,0.25701505
1822,0.27501592
1823,0.25197324
1824,0.25701505
1825,0.2542635
1826,0.25701505
1827,0.24970551
1828,0.21842417
1829,0.21842417
1830,0.2542635
1831,0.25701505
1832,0.33407086
1833,0.27501592
1834,0.27244502
1835,0.24970551
1836,0.24430452
1837,0.21842417
1838,0.27022073
1839,0.29936126
1840,0.27022073
1841,0.22773094
1842,0.25701505
1843,0.26354852
1844,0.24970551
1845,0.35138083
1846,0.24430452
1847,0.27501592
1848,0.2542635
1849,0.25701505
1850,0.25701505
1851,0.25701505
1852,0.27501592
1853,0.27022073
1854,0.25701505
1855,0.27022073
1856,0.25701505
1857,0.2542635
1858,0.24430452
1859,0.25701505
1860,0.35138083
1861,0.26354852
1862,0.2780924
1863,0.21842417
1864,0.24849233
1865,0.24967733
1866,0.24970551
1867,0.25701505
1868,0.25701505
1869,0.25701505
1870,0.2542635
1871,0.27501592
1872,0.27501592
1873,0.25242442
1874,0.25701505
1875,0.25701505
1876,0.30445784
1877,0.25701505
1878,0.25701505
1879,0.29413924
1880,0.27022073
1881,0.33407086
1882,0.27501592
1883,0.21842417
1884,0.27501592
1885,0.24430452
1886,0.21842417
1887,0.25701505
1888,0.25701505
1889,0.25701505
1890,0.25701505
1891,0.25701505
1892,0.2613454
1893,0.25701505
1894,0.25701505
1895,0.21842417
1896,0.27501592
1897,0.27022073
1898,0.32871282
1899,0.25701505
1900,0.28216797
1901,0.25242442
1902,0.24430452
1903,0.25242442
1904,0.25701505
1905,0.27501592
1906,0.25242442
1907,0.27501592
1908,0.25701505
1909,0.36659908
1910,0.27501592
1911,0.25701505
1912,0.25242442
1913,0.2542635
1914,0.24970551
1915,0.2542635
1916,0.25242442
1917,0.25701505
1918,0.25242442
1919,0.3257616
1920,0.25701505
1921,0.24430452
1922,0.25701505
1923,0.27022073
1924,0.26610914
1925,0.31223133
1926,0.27022073
1927,0.25701505
1928,0.28728837
1929,0.27022073
1930,0.27022073
1931,0.2613454
1932,0.25701505
1933,0.24970551
1934,0.25701505
1935,0.25701505
1936,0.29936126
1937,0.27022073
1938,0.25701505
1939,0.25242442
1940,0.25242442
1941,0.27501592
1942,0.24970551
1943,0.27501592
1944,0.30445784
1945,0.22773094
1946,0.25701505
1947,0.24970551
1948,0.3458894
1949,0.2542635
1950,0.25701505
1951,0.33109525
1952,0.25701505
1953,0.25701505
1954,0.25701505
1955,0.22773094
1956,0.27022073
1957,0.2542635
1958,0.2542635
1959,0.25701505
1960,0.25701505
1961,0.27501592
1962,0.2542635
1963,0.2542635
1964,0.2713549
1965,0.2542635
1966,0.28216797
1967,0.27501592
1968,0.25242442
1969,0.30445784
1970,0.25701505
1971,0.24970551
1972,0.27022073
1973,0.27501592
1974,0.25701505
1975,0.29936126
1976,0.2780924
1977,0.28216797
1978,0.27022073
1979,0.29413924
1980,0.2542635
1981,0.27501592
1982,0.30445784
1983,0.27501592
1984,0.21842417
1985,0.25701505
1986,0.27501592
1987,0.27022073
1988,0.30445784
1989,0.25242442
1990,0.24970551
1991,0.27501592
1992,0.25242442
1993,0.25701505
1994,0.28728837
1995,0.27501592
1996,0.25242442
1997,0.2542635
1998,0.35138083
1999,0.26850533
2000,0.24970551
2001,0.25701505
2002,0.2305901
2003,0.25701505
2004,0.27022073
2005,0.27501592
2006,0.27022073
2007,0.30445784
2008,0.25242442
2009,0.2542635
2010,0.26354852
2011,0.25701505
2012,0.25701505
2013,0.25242442
2014,0.25242442
2015,0.2542635
2016,0.27501592
2017,0.2542635
2018,0.2542635
2019,0.2613454
2020,0.27501592
2021,0.25701505
2022,0.2542635
2023,0.26471093
2024,0.2542635
2025,0.25701505
2026,0.27501592
2027,0.27501592
2028,0.36659908
2029,0.25242442
2030,0.2542635
2031,0.27501592
2032,0.25701505
2033,0.25242442
2034,0.25242442
2035,0.27501592
2036,0.2542635
2037,0.25701505
2038,0.25701505
2039,0.27022073
2040,0.25242442
2041,0.27022073
2042,0.27501592
2043,0.2713549
2044,0.2899682
2045,0.25701505
2046,0.25701505
2047,0.37223217
2048,0.2542635
2049,0.27501592
2050,0.27501592
2051,0.25701505
2052,0.2542635
2053,0.27501592
2054,0.25701505
2055,0.25701505
2056,0.25701505
2057,0.25242442
2058,0.27501592
2059,0.33408466
2060,0.26354852
2061,0.27022073
2062,0.35138083
2063,0.27022073
2064,0.27501592
2065,0.24970551
2066,0.2899682
2067,0.24970551
2068,0.25701505
2069,0.2780924
2070,0.25701505
2071,0.22773094
2072,0.25701505
2073,0.26850533
2074,0.27022073
2075,0.2542635
2076,0.27022073
2077,0.2542635
2078,0.27501592
2079,0.26850533
2080,0.27501592
2081,0.24970551
2082,0.22773094
2083,0.29936126
2084,0.37223217
2085,0.25701505
2086,0.24970551
2087,0.25701505
2088,0.22773094
2089,0.27501592
2090,0.25242442
2091,0.3257616
2092,0.25701505
2093,0.27501592
2094,0.25242442
2095,0.3203036
2096,0.26864073
2097,0.24970551
2098,0.27501592
2099,0.27022073
2100,0.27501592
2101,0.27022073
2102,0.2542635
2103,0.25242442
2104,0.27501592
2105,0.32871282
2106,0.25701505
2107,0.25701505
2108,0.21842417
2109,0.29936126
2110,0.25701505
2111,0.24970551
2112,0.27501592
2113,0.36431488
2114,0.27501592
2115,0.27022073
2116,0.27022073
2117,0.2542635
2118,0.32872653
2119,0.25701505
2120,0.21842417
2121,0.2542635
2122,0.25242442
2123,0.3458894
2124,0.25701505
2125,0.2542635
2126,0.29413924
2127,0.27501592
2128,0.27501592
2129,0.25701505
2130,0.24970551
2131,0.25242442
2132,0.2542635
2133,0.30445784
2134,0.27022073
2135,0.27501592
2136,0.27501592
2137,0.27022073
2138,0.27022073
2139,0.25701505
2140,0.25242442
2141,0.30445784
2142,0.27022073
2143,0.35138083
2144,0.33408466
2145,0.25701505
2146,0.24430452
2147,0.21842417
2148,0.2613454
2149,0.25701505
2150,0.24970551
2151,0.25242442
2152,0.29936126
2153,0.2542635
2154,0.25701505
2155,0.25701505
2156,0.27022073
2157,0.27501592
2158,0.24430452
2159,0.2542635
2160,0.27022073
2161,0.2542635
2162,0.2542635
2163,0.25242442
2164,0.29413924
2165,0.27501592
2166,0.27022073
2167,0.27501592
2168,0.21842417
2169,0.25701505
2170,0.28216797
2171,0.26354852
2172,0.2542635
2173,0.2542635
2174,0.26864073
2175,0.28077877
2176,0.27501592
2177,0.2542635
2178,0.21842417
2179,0.27501592
2180,0.26610914
2181,0.26864073
2182,0.21842417
2183,0.27022073
2184,0.2542635
2185,0.25701505
2186,0.2899682
2187,0.27501592
2188,0.27501592
2189,0.27501592
2190,0.25701505
2191,0.24970551
2192,0.27022073
2193,0.25701505
2194,0.25701505
2195,0.27501592
2196,0.2542635
2197,0.27501592
2198,0.27501592
2199,0.22773094
2200,0.25701505
2201,0.27022073
2202,0.2542635
2203,0.25701505
2204,0.32871282
2205,0.27501592
2206,0.2542635
2207,0.25701505
2208,0.25242442
2209,0.25701505
2210,0.24430452
2211,0.25701505
2212,0.25701505
2213,0.25701505
2214,0.25701505
2215,0.2542635
2216,0.30445784
2217,0.21842417
2218,0.27501592
2219,0.25701505
2220,0.2542635
2221,0.25242442
2222,0.25701505
2223,0.27022073
2224,0.27022073
2225,0.30445784
2226,0.2542635
2227,0.27501592
2228,0.2542635
2229,0.30445784
2230,0.24970551
2231,0.27022073
2232,0.29936126
2233,0.2542635
2234,0.21842417
2235,0.25701505
2236,0.27022073
2237,0.26864073
2238,0.22773094
2239,0.27501592
2240,0.27022073
2241,0.24970551
2242,0.25701505
2243,0.36659908
2244,0.27501592
2245,0.2897932
2246,0.27501592
2247,0.25701505
2248,0.25701505
2249,0.25701505
2250,0.24430452
2251,0.27501592
2252,0.2668215
2253,0.22773094
2254,0.27022073
2255,0.27501592
2256,0.25701505
2257,0.24970551
2258,0.25701505
2259,0.25701505
2260,0.21842417
2261,0.27501592
2262,0.25701505
2263,0.25701505
2264,0.25242442
2265,0.25701505
2266,0.30445784
2267,0.24970551
2268,0.25701505
2269,0.24430452
2270,0.25701505
2271,0.25701505
2272,0.37223217
2273,0.25701505
2274,0.27501592
2275,0.22773094
2276,0.29936126
2277,0.24849233
2278,0.2713549
2279,0.22773094
2280,0.2542635
2281,0.32871282
2282,0.27022073
2283,0.27022073
2284,0.27501592
2285,0.29936126
2286,0.27501592
2287,0.25701505
2288,0.27501592
2289,0.35138083
2290,0.35138083
2291,0.2542635
2292,0.28216797
2293,0.27022073
2294,0.21842417
2295,0.24970551
2296,0.25701505
2297,0.31223133
2298,0.25701505
2299,0.33408466
2300,0.30445784
2301,0.27022073
2302,0.27501592
2303,0.28728837
2304,0.22773094
2305,0.25701505
2306,0.21842417
2307,0.25701505
2308,0.27501592
2309,0.30445784
2310,0.27501592
2311,0.2542635
2312,0.2542635
2313,0.25701505
2314,0.2542635
2315,0.22773094
2316,0.25701505
2317,0.30445784
2318,0.27501592
2319,0.25701505
2320,0.25701505
2321,0.30445784
2322,0.27501592
2323,0.27501592
2324,0.27022073
2325,0.21842417
2326,0.2542635
2327,0.2542635
2328,0.2305901
2329,0.25701505
2330,0.25701505
2331,0.2542635
2332,0.26850533
2333,0.25701505
2334,0.25701505
2335,0.25701505
2336,0.27022073
2337,0.27022073
2338,0.29936126
2339,0.2542635
2340,0.2542635
2341,0.2613454
2342,0.25701505
2343,0.21842417
2344,0.27501592
2345,0.25701505
2346,0.27022073
2347,0.2542635
2348,0.25701505
2349,0.27022073
2350,0.25701505
2351,0.3458894
2352,0.2542635
2353,0.29936126
2354,0.27501592
2355,0.30445784
2356,0.24970551
2357,0.25701505
2358,0.28216797
2359,0.2613454
2360,0.27501592
2361,0.25957555
2362,0.27022073
2363,0.2899682
2364,0.27022073
2365,0.24970551
2366,0.27501592
2367,0.21842417
2368,0.2542635
2369,0.25242442
2370,0.25242442
2371,0.27022073
2372,0.2542635
2373,0.25701505
2374,0.25701505
2375,0.2542635
2376,0.27022073
2377,0.27501592
2378,0.2542635
2379,0.27501592
2380,0.27022073
2381,0.27501592
2382,0.25701505
2383,0.27501592
2384,0.32871282
2385,0.2542635
2386,0.21842417
2387,0.27501592
2388,0.27501592
2389,0.30445784
2390,0.27022073
2391,0.25701505
2392,0.25701505
2393,0.25701505
2394,0.26354852
2395,0.27501592
2396,0.2542635
2397,0.2542635
2398,0.22773094
2399,0.27022073
2400,0.25242442
2401,0.25701505
2402,0.27501592
2403,0.27501592
2404,0.21842417
2405,0.25701505
2406,0.31430033
2407,0.2772958
2408,0.25701505
2409,0.2542635
2410,0.25701505
2411,0.2899682
2412,0.27501592
2413,0.27022073
2414,0.27022073
2415,0.27022073
2416,0.24359664
2417,0.27501592
2418,0.27022073
2419,0.2542635
2420,0.24970551
2421,0.34894273
2422,0.25701505
2423,0.2542635
2424,0.2542635
2425,0.25242442
2426,0.2713549
2427,0.25701505
2428,0.25242442
2429,0.25701505
2430,0.25701505
2431,0.25701505
2432,0.2613454
2433,0.35138083
2434,0.25701505
2435,0.26864073
2436,0.2542635
2437,0.30445784
2438,0.32872653
2439,0.25242442
2440,0.25701505
2441,0.27022073
2442,0.27501592
2443,0.24970551
2444,0.24970551
2445,0.2897932
2446,0.24970551
2447,0.27501592
2448,0.27501592
2449,0.2713549
2450,0.2542635
2451,0.2988435
2452,0.2542635
2453,0.35138083
2454,0.27501592
2455,0.25701505
2456,0.27501592
2457,0.25818163
2458,0.2542635
2459,0.2542635
2460,0.2613454
2461,0.2542635
2462,0.27022073
2463,0.27022073
2464,0.27501592
2465,0.2542635
2466,0.26391622
2467,0.24970551
2468,0.26425025
2469,0.2542635
2470,0.2542635
2471,0.27022073
2472,0.30445784
2473,0.21842417
2474,0.24970551
2475,0.2542635
2476,0.25701505
2477,0.22773094
2478,0.27501592
2479,0.25701505
2480,0.27501592
2481,0.25242442
2482,0.24970551
2483,0.2542635
2484,0.35138083
2485,0.2542635
2486,0.29936126
2487,0.2780924
2488,0.2613454
2489,0.22773094
2490,0.25242442
2491,0.25701505
2492,0.29413924
2493,0.27244502
2494,0.2542635
2495,0.25701505
2496,0.27501592
2497,0.25242442
2498,0.21842417
2499,0.33109525
2500,0.27022073
2501,0.24430452
2502,0.21842417
2503,0.27501592
2504,0.2713549
2505,0.27501592
2506,0.26354852
2507,0.2542635
2508,0.29936126
2509,0.27501592
2510,0.27022073
2511,0.21842417
2512,0.25242442
2513,0.2542635
2514,0.24970551
2515,0.27022073
2516,0.26850533
2517,0.22773094
2518,0.2613454
2519,0.27022073
2520,0.2542635
2521,0.2542635
2522,0.27022073
2523,0.2542635
2524,0.21842417
2525,0.2542635
2526,0.25701505
2527,0.25701505
2528,0.24970551
2529,0.21842417
2530,0.27244502
2531,0.24430452
2532,0.27501592
2533,0.2542635
2534,0.27501592
2535,0.27501592
2536,0.25701505
2537,0.25701505
2538,0.25701505
2539,0.2542635
2540,0.2542635
2541,0.33109525
2542,0.27501592
2543,0.25701505
2544,0.24430452
2545,0.26354852
2546,0.2613454
2547,0.26610914
2548,0.24430452
2549,0.2780924
2550,0.2542635
2551,0.35138083
2552,0.27022073
2553,0.25701505
2554,0.25701505
2555,0.24359664
2556,0.25701505
2557,0.25701505
2558,0.27022073
2559,0.27022073
2560,0.24970551
2561,0.2542635
2562,0.2542635
2563,0.25701505
2564,0.2542635
2565,0.27501592
2566,0.2542635
2567,0.27501592
2568,0.25701505
2569,0.24970551
2570,0.34894273
2571,0.27022073
2572,0.2780924
2573,0.25701505
2574,0.2542635
2575,0.25701505
2576,0.35138083
2577,0.26391622
2578,0.25242442
2579,0.24970551
2580,0.25701505
2581,0.2613454
2582,0.25701505
2583,0.25242442
2584,0.2542635
2585,0.25701505
2586,0.27022073
2587,0.25242442
2588,0.2542635
2589,0.35138083
2590,0.2542635
2591,0.2613454
2592,0.2542635
2593,0.25242442
2594,0.27022073
2595,0.28728837
2596,0.25701505
2597,0.27022073
2598,0.25242442
2599,0.2542635
2600,0.22773094
2601,0.25701505
2602,0.2542635
2603,0.30445784
2604,0.27022073
2605,0.37223217
2606,0.2780924
2607,0.2542635
2608,0.2772958
2609,0.25242442
2610,0.2542635
2611,0.21842417
2612,0.24430452
2613,0.27501592
2614,0.27022073
2615,0.27501592
2616,0.25242442
2617,0.25701505
2618,0.2780924
2619,0.2542635
2620,0.2897932
2621,0.2542635
2622,0.285688
2623,0.24970551
2624,0.27022073
2625,0.25701505
2626,0.24970551
2627,0.29936126
2628,0.26354852
2629,0.27022073
2630,0.25701505
2631,0.25701505
2632,0.25701505
2633,0.27501592
2634,0.24970551
2635,0.27501592
2636,0.25242442
2637,0.27022073
2638,0.24359664
2639,0.25242442
2640,0.25701505
2641,0.27022073
2642,0.25701505
2643,0.24430452
2644,0.27022073
2645,0.2542635
2646,0.2542635
2647,0.27501592
2648,0.27501592
2649,0.27022073
2650,0.25242442
2651,0.28216797
2652,0.25701505
2653,0.2542635
2654,0.27022073
2655,0.2713549
2656,0.25242442
2657,0.27501592
2658,0.25701505
2659,0.27022073
2660,0.27022073
2661,0.2542635
2662,0.27501592
2663,0.2542635
2664,0.27022073
2665,0.25957555
2666,0.25242442
2667,0.25701505
2668,0.35138083
2669,0.27501592
2670,0.24430452
2671,0.25670412
2672,0.25701505
2673,0.27501592
2674,0.2713549
2675,0.24970551
2676,0.25701505
2677,0.27501592
2678,0.24430452
2679,0.24430452
2680,0.25701505
2681,0.25701505
2682,0.27501592
2683,0.27501592
2684,0.25701505
2685,0.21842417
2686,0.25701505
2687,0.27022073
2688,0.27501592
2689,0.27501592
2690,0.27501592
2691,0.2542635
2692,0.25701505
2693,0.27501592
2694,0.27022073
2695,0.27501592
2696,0.27022073
2697,0.24970551
2698,0.27501592
2699,0.2613454
2700,0.24849233
2701,0.2542635
2702,0.25242442
2703,0.24430452
2704,0.27501592
2705,0.25701505
2706,0.2542635
2707,0.2780924
2708,0.25701505
2709,0.25701505
2710,0.25242442
2711,0.36659908
2712,0.25701505
2713,0.2542635
2714,0.27022073
2715,0.25701505
2716,0.27501592
2717,0.2542635
2718,0.2542635
2719,0.25701505
2720,0.2305901
2721,0.35138083
2722,0.25701505
2723,0.25701505
2724,0.32871282
2725,0.27022073
2726,0.2542635
2727,0.25701505
2728,0.27501592
2729,0.21842417
2730,0.27022073
2731,0.2780924
2732,0.37223217
2733,0.27501592
2734,0.2542635
2735,0.25701505
2736,0.37223217
2737,0.25701505
2738,0.27501592
2739,0.26354852
2740,0.30445784
2741,0.21842417
2742,0.25242442
2743,0.28077877
2744,0.25701505
2745,0.3544564
2746,0.27022073
2747,0.21842417
2748,0.25701505
2749,0.2542635
2750,0.2542635
2751,0.25701505
2752,0.28216797
2753,0.26864073
2754,0.25701505
2755,0.21842417
2756,0.27501592
2757,0.33407086
2758,0.25701505
2759,0.24970551
2760,0.26850533
2761,0.25701505
2762,0.2542635
2763,0.27501592
2764,0.28077877
2765,0.2542635
2766,0.25701505
2767,0.24430452
2768,0.27501592
2769,0.25242442
2770,0.2613454
2771,0.2542635
2772,0.3458894
2773,0.25701505
2774,0.22773094
2775,0.27501592
2776,0.25701505
2777,0.26425025
2778,0.26354852
2779,0.21842417
2780,0.27022073
2781,0.28728837
2782,0.25701505
2783,0.24970551
2784,0.27501592
2785,0.29413924
2786,0.24970551
2787,0.35138083
2788,0.25701505
2789,0.27022073
2790,0.24430452
2791,0.27022073
2792,0.25701505
2793,0.25701505
2794,0.2542635
2795,0.25701505
2796,0.27501592
2797,0.27022073
2798,0.2542635
2799,0.2542635
2800,0.21842417
2801,0.25701505
2802,0.25701505
2803,0.25701505
2804,0.30445784
2805,0.24970551
2806,0.21842417
2807,0.24430452
2808,0.24970551
2809,0.27022073
2810,0.2780924
2811,0.21842417
2812,0.27501592
2813,0.25701505
2814,0.21842417
2815,0.28216797
2816,0.35138083
2817,0.25242442
2818,0.25701505
2819,0.21842417
2820,0.27501592
2821,0.24430452
2822,0.27501592
2823,0.27501592
2824,0.26610914
2825,0.25242442
2826,0.27022073
2827,0.21842417
2828,0.2542635
2829,0.2613454
2830,0.31223133
2831,0.25701505
2832,0.2542635
2833,0.27022073
2834,0.24970551
2835,0.2542635
2836,0.2668215
2837,0.29936126
2838,0.27501592
2839,0.25701505
2840,0.26354852
2841,0.2780924
2842,0.27501592
2843,0.25242442
2844,0.25701505
2845,0.27022073
2846,0.25701505
2847,0.27022073
2848,0.30445784
2849,0.25670412
2850,0.26354852
2851,0.25701505
2852,0.27022073
2853,0.25701505
2854,0.24970551
2855,0.25701505
2856,0.28216797
2857,0.25701505
2858,0.27501592
2859,0.25701505
2860,0.27501592
2861,0.27501592
2862,0.27501592
2863,0.21842417
2864,0.25701505
2865,0.24970551
2866,0.27022073
2867,0.2542635
2868,0.24430452
2869,0.29936126
2870,0.25701505
2871,0.27022073
2872,0.25701505
2873,0.25701505
2874,0.25701505
2875,0.27501592
2876,0.30445784
2877,0.2542635
2878,0.2542635
2879,0.25701505
2880,0.25701505
2881,0.27501592
2882,0.25701505
2883,0.30445784
2884,0.2542635
2885,0.2542635
2886,0.25701505
2887,0.26354852
2888,0.24970551
2889,0.24430452
2890,0.26850533
2891,0.25242442
2892,0.25701505
2893,0.29936126
2894,0.25242442
2895,0.25701505
2896,0.27022073
2897,0.25242442
2898,0.27022073
2899,0.2899682
2900,0.27501592
2901,0.3544564
2902,0.2542635
2903,0.21842417
2904,0.25701505
2905,0.27501592
2906,0.285688
2907,0.24970551
2908,0.25701505
2909,0.24430452
2910,0.24970551
2911,0.25701505
2912,0.285688
2913,0.25701505
2914,0.27022073
2915,0.25701505
2916,0.25701505
2917,0.25701505
2918,0.27501592
2919,0.27501592
2920,0.25701505
2921,0.21842417
2922,0.2542635
2923,0.2542635
2924,0.25242442
2925,0.29936126
2926,0.24970551
2927,0.25701505
2928,0.25242442
2929,0.24970551
2930,0.26354852
2931,0.2780924
2932,0.24970551
2933,0.25701505
2934,0.25242442
2935,0.25701505
2936,0.27501592
2937,0.27022073
2938,0.27022073
2939,0.21842417
2940,0.27501592
2941,0.25701505
2942,0.27501592
2943,0.25242442
2944,0.2542635
2945,0.2542635
2946,0.25701505
2947,0.2899682
2948,0.27501592
2949,0.2542635
2950,0.2542635
2951,0.25670412
2952,0.24970551
2953,0.25701505
2954,0.33109525
2955,0.25701505
2956,0.24430452
2957,0.24970551
2958,0.25242442
2959,0.27501592
2960,0.25242442
2961,0.24970551
2962,0.25242442
2963,0.2713549
2964,0.2780924
2965,0.30445784
2966,0.27501592
2967,0.27022073
2968,0.2613454
2969,0.25242442
2970,0.2613454
2971,0.25701505
2972,0.2542635
2973,0.25701505
2974,0.26610914
2975,0.28216797
2976,0.29936126
2977,0.27501592
2978,0.27022073
2979,0.29936126
2980,0.25701505
2981,0.25701505
2982,0.25701505
2983,0.24430452
2984,0.25701505
2985,0.27501592
2986,0.25701505
2987,0.27022073
2988,0.27501592
2989,0.25701505
2990,0.24430452
2991,0.25701505
2992,0.25701505
2993,0.25701505
2994,0.29936126
2995,0.24970551
2996,0.25701505
2997,0.2772958
2998,0.24970551
2999,0.27022073
3000,0.25701505
3001,0.31223133
3002,0.27022073
3003,0.25701505
3004,0.25701505
3005,0.25701505
3006,0.25242442
3007,0.285688
3008,0.2613454
3009,0.27501592
3010,0.21842417
3011,0.2542635
3012,0.26354852
3013,0.2542635
3014,0.35138083
3015,0.25701505
3016,0.25701505
3017,0.25701505
3018,0.27501592
3019,0.24970551
3020,0.28216797
3021,0.2542635
3022,0.27022073
3023,0.25701505
3024,0.2542635
3025,0.26864073
3026,0.2780924
3027,0.30911222
3028,0.37223217
3029,0.21842417
3030,0.24970551
3031,0.26864073
3032,0.27501592
3033,0.24430452
3034,0.25701505
3035,0.27501592
3036,0.2542635
3037,0.24430452
3038,0.25670412
3039,0.24849233
3040,0.27501592
3041,0.24970551
3042,0.35139498
3043,0.27022073
3044,0.27501592
3045,0.27022073
3046,0.25242442
3047,0.25701505
3048,0.25242442
3049,0.25701505
3050,0.2542635
3051,0.24970551
3052,0.21842417
3053,0.21842417
3054,0.25701505
3055,0.26354852
3056,0.2780924
3057,0.2542635
3058,0.2542635
3059,0.24970551
3060,0.25701505
3061,0.2542635
3062,0.2542635
3063,0.25701505
3064,0.26850533
3065,0.25701505
3066,0.24970551
3067,0.25701505
3068,0.25701505
3069,0.25701505
3070,0.27501592
3071,0.2542635
3072,0.2542635
3073,0.27583715
3074,0.2772958
3075,0.22773094
3076,0.24430452
3077,0.24430452
3078,0.2613454
3079,0.24970551
3080,0.26864073
3081,0.25701505
3082,0.34590343
3083,0.24970551
3084,0.2542635
3085,0.25701505
3086,0.27501592
3087,0.25701505
3088,0.24430452
3089,0.25701505
3090,0.27501592
3091,0.27244502
3092,0.2542635
3093,0.2542635
3094,0.25701505
3095,0.25701505
3096,0.25701505
3097,0.25242442
3098,0.2542635
3099,0.27022073
3100,0.2542635
3101,0.21842417
3102,0.25242442
3103,0.25701505
3104,0.27501592
3105,0.25701505
3106,0.27501592
3107,0.27501592
3108,0.27501592
3109,0.24430452
3110,0.25242442
3111,0.24430452
3112,0.2542635
3113,0.30097958
3114,0.24970551
3115,0.2542635
3116,0.2542635
3117,0.2542635
3118,0.25701505
3119,0.25701505
3120,0.2542635
3121,0.28728837
3122,0.25701505
3123,0.24970551
3124,0.2542635
3125,0.29413924
3126,0.25701505
3127,0.25701505
3128,0.25701505
3129,0.2542635
3130,0.2542635
3131,0.25701505
3132,0.2542635
3133,0.25701505
3134,0.2780924
3135,0.2542635
3136,0.28718176
3137,0.3458894
3138,0.21842417
3139,0.25242442
3140,0.25701505
3141,0.25242442
3142,0.25701505
3143,0.25701505
3144,0.25242442
3145,0.26864073
3146,0.27501592
3147,0.2542635
3148,0.26864073
3149,0.35138083
3150,0.2542635
3151,0.25242442
3152,0.27022073
3153,0.25242442
3154,0.27022073
3155,0.27022073
3156,0.25701505
3157,0.25701505
3158,0.25701505
3159,0.24430452
3160,0.25701505
3161,0.25701505
3162,0.25242442
3163,0.25701505
3164,0.25242442
3165,0.27022073
3166,0.25701505
3167,0.2542635
3168,0.27022073
3169,0.27501592
3170,0.30445784
3171,0.285688
3172,0.25701505
3173,0.24970551
3174,0.29413924
3175,0.24430452
3176,0.24430452
3177,0.22773094
3178,0.29936126
3179,0.2542635
3180,0.2542635
3181,0.27501592
3182,0.25242442
3183,0.29413924
3184,0.27022073
3185,0.26354852
3186,0.27501592
3187,0.27501592
3188,0.25242442
3189,0.2713549
3190,0.27501592
3191,0.2542635
3192,0.25242442
3193,0.2305901
3194,0.25242442
3195,0.2542635
3196,0.25242442
3197,0.27501592
3198,0.25242442
3199,0.27022073
3200,0.24430452
3201,0.27884233
3202,0.2542635
3203,0.25242442
3204,0.25701505
3205,0.2542635
3206,0.2542635
3207,0.27501592
3208,0.24359664
3209,0.24970551
3210,0.30445784
3211,0.2542635
3212,0.25701505
3213,0.27022073
3214,0.31223133
3215,0.27501592
3216,0.27022073
3217,0.25242442
3218,0.25701505
3219,0.25701505
3220,0.2542635
3221,0.2542635
3222,0.27022073
3223,0.2542635
3224,0.35138083
3225,0.26354852
3226,0.25701505
3227,0.27501592
3228,0.26864073
3229,0.2542635
3230,0.25701505
3231,0.22773094
3232,0.30445784
3233,0.25701505
3234,0.26354852
3235,0.27022073
3236,0.25242442
3237,0.26866335
3238,0.27501592
3239,0.25701505
3240,0.32872653
3241,0.2402559
3242,0.30445784
3243,0.27501592
3244,0.25701505
3245,0.2542635
3246,0.25701505
3247,0.26354852
3248,0.27501592
3249,0.25701505
3250,0.27022073
3251,0.26354852
3252,0.26864073
3253,0.2542635
3254,0.2542635
3255,0.25242442
3256,0.2542635
3257,0.25701505
3258,0.25701505
3259,0.25701505
3260,0.25701505
3261,0.25701505
3262,0.25701505
3263,0.25701505
3264,0.25701505
3265,0.24430452
3266,0.25701505
3267,0.2542635
3268,0.27022073
3269,0.25242442
3270,0.25701505
3271,0.24430452
3272,0.26354852
3273,0.285688
3274,0.25701505
3275,0.25242442
3276,0.27022073
3277,0.30445784
3278,0.2542635
3279,0.2542635
3280,0.24430452
3281,0.2305901
3282,0.25701505
3283,0.25701505
3284,0.2542635
3285,0.25701505
3286,0.29413924
3287,0.2542635
3288,0.25701505
3289,0.25701505
3290,0.24430452
3291,0.24430452
3292,0.24970551
3293,0.26425025
3294,0.25242442
3295,0.25062388
3296,0.28216797
3297,0.24970551
3298,0.25701505
3299,0.25242442
3300,0.25242442
3301,0.25701505
3302,0.27501592
3303,0.25701505
3304,0.25701505
3305,0.26354852
3306,0.27501592
3307,0.2542635
3308,0.25701505
3309,0.21842417
3310,0.25701505
3311,0.35138083
3312,0.2542635
3313,0.24430452
3314,0.2613454
3315,0.2542635
3316,0.2542635
3317,0.27501592
3318,0.2542635
3319,0.2542635
3320,0.2542635
3321,0.25701505
3322,0.27501592
3323,0.25701505
3324,0.25701505
3325,0.26850533
3326,0.25701505
3327,0.25242442
3328,0.25701505
3329,0.27022073
3330,0.25701505
3331,0.27501592
3332,0.27244502
3333,0.27501592
3334,0.25701505
3335,0.25701505
3336,0.24970551
3337,0.24430452
3338,0.27022073
3339,0.25242442
3340,0.285688
3341,0.27501592
3342,0.24970551
3343,0.25701505
3344,0.2542635
3345,0.27022073
3346,0.24430452
3347,0.27501592
3348,0.25670412
3349,0.25242442
3350,0.2542635
3351,0.2780924
3352,0.27022073
3353,0.27501592
3354,0.24430452
3355,0.2897932
3356,0.27501592
3357,0.25242442
3358,0.26354852
3359,0.29936126
3360,0.2542635
3361,0.33109525
3362,0.25701505
3363,0.25701505
3364,0.25701505
3365,0.25701505
3366,0.29413924
3367,0.27022073
3368,0.29936126
3369,0.26864073
3370,0.27022073
3371,0.26354852
3372,0.27501592
3373,0.27022073
3374,0.24970551
3375,0.27022073
3376,0.27501592
3377,0.27022073
3378,0.35138083
3379,0.24430452
3380,0.26610914
3381,0.24970551
3382,0.25197324
3383,0.24849233
3384,0.2542635
3385,0.25701505
3386,0.25242442
3387,0.2542635
3388,0.27501592
3389,0.27501592
3390,0.29936126
3391,0.2613454
3392,0.27022073
3393,0.24970551
3394,0.25701505
3395,0.2542635
3396,0.27501592
3397,0.25701505
3398,0.25242442
3399,0.27501592
3400,0.30445784
3401,0.2542635
3402,0.2542635
3403,0.26391622
3404,0.29936126
3405,0.26425025
3406,0.27022073
3407,0.27501592
3408,0.25701505
3409,0.22773094
3410,0.25701505
3411,0.24970551
3412,0.2542635
3413,0.25701505
3414,0.27022073
3415,0.2613454
3416,0.27022073
3417,0.25701505
3418,0.25701505
3419,0.28216797
3420,0.27501592
3421,0.25701505
3422,0.25242442
3423,0.27501592
3424,0.26864073
3425,0.25701505
3426,0.26354852
3427,0.27501592
3428,0.27501592
3429,0.26354852
3430,0.26354852
3431,0.25701505
3432,0.2780924
3433,0.27501592
3434,0.25242442
3435,0.25701505
3436,0.21842417
3437,0.26354852
3438,0.2542635
3439,0.25701505
3440,0.27501592
3441,0.27022073
3442,0.21842417
3443,0.25701505
3444,0.21842417
3445,0.25242442
3446,0.27501592
3447,0.27501592
3448,0.27022073
3449,0.2542635
3450,0.2542635
3451,0.27501592
3452,0.24970551
3453,0.25701505
3454,0.2542635
3455,0.25701505
3456,0.27022073
3457,0.2542635
3458,0.25242442
3459,0.29936126
3460,0.24849233
3461,0.29413924
3462,0.25701505
3463,0.25242442
3464,0.26471093
3465,0.21842417
3466,0.2780924
3467,0.27501592
3468,0.27244502
3469,0.21842417
3470,0.25701505
3471,0.25701505
3472,0.25701505
3473,0.2542635
3474,0.2542635
3475,0.25701505
3476,0.2542635
3477,0.25701505
3478,0.2542635
3479,0.2542635
3480,0.27501592
3481,0.2542635
3482,0.24430452
3483,0.24970551
3484,0.27022073
3485,0.25670412
3486,0.24430452
3487,0.21842417
3488,0.25701505
3489,0.27501592
3490,0.25701505
3491,0.25701505
3492,0.27501592
3493,0.27022073
3494,0.2542635
3495,0.27501592
3496,0.25701505
3497,0.27501592
3498,0.27501592
3499,0.30445784
3500,0.25242442
3501,0.29413924
3502,0.21842417
3503,0.26850533
3504,0.27022073
3505,0.25701505
3506,0.25701505
3507,0.2542635
3508,0.22773094
3509,0.35138083
3510,0.26391622
3511,0.24970551
3512,0.25701505
3513,0.25701505
3514,0.2542635
3515,0.21842417
3516,0.27501592
3517,0.21842417
3518,0.21842417
3519,0.25701505
3520,0.24359664
3521,0.27501592
3522,0.25701505
3523,0.25242442
3524,0.24430452
3525,0.27501592
3526,0.24970551
3527,0.24970551
3528,0.26354852
3529,0.2542635
3530,0.25701505
3531,0.30445784
3532,0.27501592
3533,0.2542635
3534,0.2542635
3535,0.2542635
3536,0.24430452
3537,0.27022073
3538,0.26864073
3539,0.29936126
3540,0.25701505
3541,0.26354852
3542,0.25701505
3543,0.27022073
3544,0.25701505
3545,0.3458894
3546,0.25701505
3547,0.27022073
3548,0.24430452
3549,0.25701505
3550,0.27501592
3551,0.27022073
3552,0.2897932
3553,0.27022073
3554,0.2542635
3555,0.26850533
3556,0.2542635
3557,0.2613454
3558,0.24430452
3559,0.2542635
3560,0.25701505
3561,0.22773094
3562,0.21842417
3563,0.24970551
3564,0.27022073
3565,0.25701505
3566,0.25701505
3567,0.2542635
3568,0.2542635
3569,0.2780924
3570,0.27501592
3571,0.27022073
3572,0.25242442
3573,0.27022073
3574,0.25701505
3575,0.2542635
3576,0.25701505
3577,0.25242442
3578,0.25701505
3579,0.25242442
3580,0.27501592
3581,0.2542635
3582,0.25701505
3583,0.26354852
3584,0.27022073
3585,0.21842417
3586,0.27022073
3587,0.2542635
3588,0.24430452
3589,0.21842417
3590,0.27501592
3591,0.2542635
3592,0.25701505
3593,0.2542635
3594,0.25242442
3595,0.24430452
3596,0.27501592
3597,0.24970551
3598,0.2542635
3599,0.25242442
3600,0.25701505
3601,0.27022073
3602,0.27501592
3603,0.25242442
3604,0.2542635
3605,0.27501592
3606,0.35138083
3607,0.2542635
3608,0.3458894
3609,0.27501592
3610,0.2542635
3611,0.25242442
3612,0.26354852
3613,0.27501592
3614,0.2713549
3615,0.27022073
3616,0.27022073
3617,0.2542635
3618,0.25242442
3619,0.25701505
3620,0.2542635
3621,0.25701505
3622,0.2542635
3623,0.25701505
3624,0.27501592
3625,0.26864073
3626,0.27811646
3627,0.27501592
3628,0.25242442
3629,0.27022073
3630,0.27501592
3631,0.34763446
3632,0.2542635
3633,0.21842417
3634,0.25242442
3635,0.28728837
3636,0.27501592
3637,0.21842417
3638,0.27501592
3639,0.27501592
3640,0.27022073
3641,0.25701505
3642,0.37223217
3643,0.2613454
3644,0.30445784
3645,0.2780924
3646,0.24970551
3647,0.27022073
3648,0.2542635
3649,0.24430452
3650,0.25701505
3651,0.27022073
3652,0.27501592
3653,0.2542635
3654,0.27022073
3655,0.28077877
3656,0.25701505
3657,0.2542635
3658,0.27022073
3659,0.27022073
3660,0.26864073
3661,0.2780924
3662,0.2542635
3663,0.27022073
3664,0.28077877
3665,0.27022073
3666,0.25701505
3667,0.24970551
3668,0.2542635
3669,0.25701505
3670,0.21842417
3671,0.27022073
3672,0.27501592
3673,0.2542635
3674,0.2542635
3675,0.2542635
3676,0.24970551
3677,0.27022073
3678,0.25701505
3679,0.27501592
3680,0.27022073
3681,0.26864073
3682,0.2542635
3683,0.25242442
3684,0.25242442
3685,0.25701505
3686,0.2772958
3687,0.2897932
3688,0.2542635
3689,0.2780924
3690,0.21842417
3691,0.25658804
3692,0.2613454
3693,0.2542635
3694,0.25701505
3695,0.25701505
3696,0.2542635
3697,0.28728837
3698,0.25701505
3699,0.25957555
3700,0.24430452
3701,0.26864073
3702,0.27022073
3703,0.2542635
3704,0.24970551
3705,0.25701505
3706,0.25701505
3707,0.30445784
3708,0.2542635
3709,0.21842417
3710,0.2542635
3711,0.25062388
3712,0.27022073
3713,0.24970551
3714,0.2542635
3715,0.24359664
3716,0.25701505
3717,0.2542635
3718,0.25242442
3719,0.25242442
3720,0.25701505
3721,0.27501592
3722,0.2542635
3723,0.25242442
3724,0.2542635
3725,0.3544564
3726,0.27501592
3727,0.25701505
3728,0.22773094
3729,0.25701505
3730,0.24970551
3731,0.26354852
3732,0.25701505
3733,0.25242442
3734,0.27022073
3735,0.24430452
3736,0.25701505
3737,0.27501592
3738,0.25701505
3739,0.25242442
3740,0.30445784
3741,0.24970551
3742,0.25701505
3743,0.32872653
3744,0.24970551
3745,0.27022073
3746,0.25701505
3747,0.25701505
3748,0.24430452
3749,0.25701505
3750,0.2542635
3751,0.25701505
3752,0.2542635
3753,0.25670412
3754,0.26864073
3755,0.2542635
3756,0.27501592
3757,0.27022073
3758,0.2613454
3759,0.25242442
3760,0.36659908
3761,0.25701505
3762,0.2542635
3763,0.27501592
3764,0.25701505
3765,0.2542635
3766,0.25701505
3767,0.21842417
3768,0.25701505
3769,0.27501592
3770,0.27501592
3771,0.27022073
3772,0.30445784
3773,0.26864073
3774,0.24430452
3775,0.2899682
3776,0.25701505
3777,0.25701505
3778,0.27501592
3779,0.25701505
3780,0.25242442
3781,0.27501592
3782,0.25701505
3783,0.22773094
3784,0.27501592
3785,0.2542635
3786,0.25701505
3787,0.27022073
3788,0.25701505
3789,0.25242442
3790,0.29936126
3791,0.27022073
3792,0.27501592
3793,0.2542635
3794,0.2542635
3795,0.25701505
3796,0.22773094
3797,0.2780924
3798,0.27501592
3799,0.27501592
3800,0.27501592
3801,0.2542635
3802,0.25242442
3803,0.27022073
3804,0.24430452
3805,0.2542635
3806,0.27022073
3807,0.26850533
3808,0.32370275
3809,0.27022073
3810,0.27501592
3811,0.21842417
3812,0.27022073
3813,0.2542635
3814,0.25701505
3815,0.27501592
3816,0.27501592
3817,0.25701505
3818,0.27022073
3819,0.35138083
3820,0.25701505
3821,0.27501592
3822,0.25701505
3823,0.2542635
3824,0.27022073
3825,0.27501592
3826,0.3458894
3827,0.27022073
3828,0.28728837
3829,0.25701505
3830,0.27501592
3831,0.27022073
3832,0.25701505
3833,0.27022073
3834,0.25701505
3835,0.25701505
3836,0.30445784
3837,0.2542635
3838,0.2542635
3839,0.25701505
3840,0.27022073
3841,0.25701505
3842,0.24970551
3843,0.21842417
3844,0.27022073
3845,0.25701505
3846,0.25701505
3847,0.25701505
3848,0.27022073
3849,0.24430452
3850,0.2542635
3851,0.27501592
3852,0.22773094
3853,0.25242442
3854,0.27501592
3855,0.27022073
3856,0.25701505
3857,0.25701505
3858,0.24970551
3859,0.2542635
3860,0.25701505
3861,0.2542635
3862,0.2613454
3863,0.21842417
3864,0.3458894
3865,0.27501592
3866,0.25701505
3867,0.25242442
3868,0.27501592
3869,0.25670412
3870,0.25242442
3871,0.25701505
3872,0.27022073
3873,0.29413924
3874,0.25670412
3875,0.27501592
3876,0.2542635
3877,0.25701505
3878,0.27022073
3879,0.27501592
3880,0.27501592
3881,0.25701505
3882,0.25701505
3883,0.27501592
3884,0.24970551
3885,0.27501592
3886,0.25701505
3887,0.25701505
3888,0.25701505
3889,0.25701505
3890,0.21842417
3891,0.25701505
3892,0.24970551
3893,0.2542635
3894,0.27501592
3895,0.27501592
3896,0.25242442
3897,0.285688
3898,0.27022073
3899,0.27501592
3900,0.25701505
3901,0.30445784
3902,0.2542635
3903,0.24970551
3904,0.2542635
3905,0.24430452
3906,0.2542635
3907,0.2542635
3908,0.2542635
3909,0.24970551
3910,0.25701505
3911,0.25701505
3912,0.2542635
3913,0.2542635
3914,0.27501592
3915,0.26354852
3916,0.21842417
3917,0.25701505
3918,0.2542635
3919,0.25701505
3920,0.25242442
3921,0.27501592
3922,0.26864073
3923,0.25701505
3924,0.24970551
3925,0.3458894
3926,0.25701505
3927,0.27022073
3928,0.22773094
3929,0.2542635
3930,0.2542635
3931,0.2613454
3932,0.25701505
3933,0.2542635
3934,0.26610914
3935,0.21842417
3936,0.37223217
3937,0.27022073
3938,0.24970551
3939,0.27501592
3940,0.2542635
3941,0.37223217
3942,0.2542635
3943,0.25701505
3944,0.25242442
3945,0.27501592
3946,0.25130296
3947,0.27022073
3948,0.25701505
3949,0.35138083
3950,0.25701505
3951,0.25242442
3952,0.25701505
3953,0.21842417
3954,0.2542635
3955,0.27501592
3956,0.2542635
3957,0.2613454
3958,0.25701505
3959,0.2780924
3960,0.27501592
3961,0.27022073
3962,0.25701505
3963,0.27501592
3964,0.25242442
3965,0.2542635
3966,0.25701505
3967,0.27022073
3968,0.25701505
3969,0.2988435
3970,0.27501592
3971,0.26471093
3972,0.21842417
3973,0.25242442
3974,0.25701505
3975,0.21842417
3976,0.25658804
3977,0.24970551
3978,0.25701505
3979,0.2542635
3980,0.21842417
3981,0.25701505
3982,0.25670412
3983,0.25701505
3984,0.24970551
3985,0.25701505
3986,0.27501592
3987,0.27501592
3988,0.2613454
3989,0.25701505
3990,0.25701505
3991,0.25701505
3992,0.24430452
3993,0.2780924
3994,0.27501592
3995,0.25242442
3996,0.2542635
3997,0.2542635
3998,0.21842417
3999,0.21842417
4000,0.25062388
4001,0.22773094
4002,0.25701505
4003,0.27022073
4004,0.2542635
4005,0.25242442
4006,0.2542635
4007,0.2542635
4008,0.27022073
4009,0.25670412
4010,0.31223133
4011,0.25701505
4012,0.25701505
4013,0.24970551
4014,0.25701505
4015,0.27501592
4016,0.2542635
4017,0.2542635
4018,0.26864073
4019,0.21842417
4020,0.25701505
4021,0.2542635
4022,0.26864073
4023,0.35138083
4024,0.25242442
4025,0.2542635
4026,0.25701505
4027,0.21842417
4028,0.26425025
4029,0.2780924
4030,0.25242442
4031,0.27501592
4032,0.21842417
4033,0.25701505
4034,0.27501592
4035,0.27501592
4036,0.33407086
4037,0.25701505
4038,0.27501592
4039,0.27501592
4040,0.37223217
4041,0.26391622
4042,0.26354852
4043,0.27501592
4044,0.27501592
4045,0.25701505
4046,0.27501592
4047,0.33407086
4048,0.27022073
4049,0.3544564
4050,0.32135397
4051,0.27022073
4052,0.30445784
4053,0.27501592
4054,0.25701505
4055,0.27501592
4056,0.25242442
4057,0.27501592
4058,0.21842417
4059,0.27022073
4060,0.25701505
4061,0.27022073
4062,0.27501592
4063,0.25701505
4064,0.2542635
4065,0.25701505
4066,0.34590343
4067,0.31223133
4068,0.27501592
4069,0.2542635
4070,0.25701505
4071,0.2542635
4072,0.2542635
4073,0.27022073
4074,0.2542635
4075,0.27501592
4076,0.25701505
4077,0.30445784
4078,0.29936126
4079,0.25701505
4080,0.2542635
4081,0.24430452
4082,0.21842417
4083,0.27501592
4084,0.26850533
4085,0.25242442
4086,0.24970551
4087,0.2542635
4088,0.25701505
4089,0.29413924
4090,0.2542635
4091,0.24970551
4092,0.24430452
4093,0.27501592
4094,0.21842417
4095,0.27022073
4096,0.27501592
4097,0.36659908
4098,0.25701505
4099,0.2542635
4100,0.2542635
4101,0.25701505
4102,0.22773094
4103,0.27022073
4104,0.25701505
4105,0.32135397
4106,0.2542635
4107,0.25701505
4108,0.30445784
4109,0.24970551
4110,0.25242442
4111,0.27022073
4112,0.25701505
4113,0.22773094
4114,0.33407086
4115,0.27501592
4116,0.27022073
4117,0.27501592
4118,0.27022073
4119,0.25701505
4120,0.29936126
4121,0.25701505
4122,0.25701505
4123,0.22773094
4124,0.2542635
4125,0.24970551
4126,0.27501592
4127,0.25701505
4128,0.24970551
4129,0.25242442
4130,0.25701505
4131,0.21842417
4132,0.27501592
4133,0.2542635
4134,0.28728837
4135,0.26354852
4136,0.2542635
4137,0.24430452
4138,0.26354852
4139,0.2542635
4140,0.2542635
4141,0.2542635
4142,0.2613454
4143,0.25701505
4144,0.25242442
4145,0.25242442
4146,0.2542635
4147,0.2542635
4148,0.25701505
4149,0.27501592
4150,0.27022073
4151,0.25701505
4152,0.27022073
4153,0.21842417
4154,0.27501592
4155,0.29936126
4156,0.27022073
4157,0.25701505
4158,0.27022073
4159,0.27022073
4160,0.25701505
4161,0.26354852
4162,0.29936126
4163,0.37223217
4164,0.2542635
4165,0.27501592
4166,0.21842417
4167,0.24970551
4168,0.24430452
4169,0.25701505
4170,0.25701505
4171,0.27501592
4172,0.27022073
4173,0.22773094
4174,0.2542635
4175,0.24970551
4176,0.24970551
4177,0.2780924
4178,0.26864073
4179,0.27022073
4180,0.27022073
4181,0.30445784
4182,0.29413924
4183,0.2542635
4184,0.25242442
4185,0.27501592
4186,0.2542635
4187,0.24970551
4188,0.25701505
4189,0.27326378
4190,0.2542635
4191,0.34894273
4192,0.2542635
4193,0.32871282
4194,0.2542635
4195,0.26864073
4196,0.21842417
4197,0.25242442
4198,0.25242442
4199,0.26850533
4200,0.2542635
4201,0.27022073
4202,0.27022073
4203,0.2542635
4204,0.27022073
4205,0.2542635
4206,0.2542635
4207,0.2542635
4208,0.2542635
4209,0.31606957
4210,0.27501592
4211,0.31223133
4212,0.27501592
4213,0.3458894
4214,0.2542635
4215,0.27501592
4216,0.27022073
4217,0.24970551
4218,0.27501592
4219,0.2542635
4220,0.27501592
4221,0.25242442
4222,0.25701505
4223,0.2780924
4224,0.2780924
4225,0.27501592
4226,0.22773094
4227,0.27022073
4228,0.25701505
4229,0.27501592
4230,0.2542635
4231,0.25242442
4232,0.25242442
4233,0.21842417
4234,0.27501592
4235,0.2542635
4236,0.25701505
4237,0.25701505
4238,0.25701505
4239,0.2542635
4240,0.2542635
4241,0.2542635
4242,0.25701505
4243,0.25242442
4244,0.2613454
4245,0.29936126
4246,0.26696548
4247,0.24970551
4248,0.25701505
4249,0.21842417
4250,0.25701505
4251,0.25701505
4252,0.27501592
4253,0.26354852
4254,0.30445784
4255,0.2542635
4256,0.25242442
4257,0.24430452
4258,0.21842417
4259,0.25701505
4260,0.27022073
4261,0.27501592
4262,0.24970551
4263,0.25701505
4264,0.24970551
4265,0.25701505
4266,0.24970551
4267,0.25701505
4268,0.25242442
4269,0.27022073
4270,0.26391622
4271,0.24430452
4272,0.24970551
4273,0.27244502
4274,0.21842417
4275,0.27501592
4276,0.25701505
4277,0.25242442
4278,0.27022073
4279,0.25957555
4280,0.25242442
4281,0.27501592
4282,0.21842417
4283,0.24970551
4284,0.27501592
4285,0.24430452
4286,0.2542635
4287,0.25701505
4288,0.22773094
4289,0.30445784
4290,0.24430452
4291,0.25701505
4292,0.25242442
4293,0.25701505
4294,0.25242442
4295,0.25701505
4296,0.24970551
4297,0.2542635
4298,0.3257616
4299,0.2613454
4300,0.25701505
4301,0.25701505
4302,0.25701505
4303,0.2542635
4304,0.25701505
4305,0.25701505
4306,0.25701505
4307,0.25701505
4308,0.25701505
4309,0.27501592
4310,0.24970551
4311,0.2454175
4312,0.25197324
4313,0.27501592
4314,0.27501592
4315,0.21842417
4316,0.27501592
4317,0.2402559
4318,0.24970551
4319,0.25701505
4320,0.27022073
4321,0.27501592
4322,0.24430452
4323,0.25701505
4324,0.25701505
4325,0.25701505
4326,0.37223217
4327,0.25701505
4328,0.25242442
4329,0.27022073
4330,0.27244502
4331,0.24970551
4332,0.25701505
4333,0.28216797
4334,0.27501592
4335,0.24970551
4336,0.2542635
4337,0.25701505
4338,0.2542635
4339,0.25701505
4340,0.27022073
4341,0.25701505
4342,0.27501592
4343,0.26354852
4344,0.27501592
4345,0.2542635
4346,0.25242442
4347,0.27022073
4348,0.27501592
4349,0.25242442
4350,0.27022073
4351,0.24970551
4352,0.2899682
4353,0.26850533
4354,0.24430452
4355,0.26354852
4356,0.25701505
4357,0.35138083
4358,0.2542635
4359,0.29936126
4360,0.21842417
4361,0.27501592
4362,0.27022073
4363,0.27501592
4364,0.25242442
4365,0.21842417
4366,0.25701505
4367,0.285688
4368,0.24970551
4369,0.24970551
4370,0.25701505
4371,0.2542635
4372,0.27022073
4373,0.24430452
4374,0.2542635
4375,0.21842417
4376,0.27501592
4377,0.24430452
4378,0.22773094
4379,0.30445784
4380,0.24970551
4381,0.26610914
4382,0.25701505
4383,0.24970551
4384,0.2772958
4385,0.27022073
4386,0.2780924
4387,0.2542635
4388,0.24970551
4389,0.30445784
4390,0.25701505
4391,0.27501592
4392,0.2613454
4393,0.27022073
4394,0.26354852
4395,0.28077877
4396,0.30445784
4397,0.27022073
4398,0.27501592
4399,0.2542635
4400,0.21842417
4401,0.2542635
4402,0.25242442
4403,0.27022073
4404,0.25701505
4405,0.2305901
4406,0.25242442
4407,0.36659908
4408,0.25701505
4409,0.27022073
4410,0.25701505
4411,0.24970551
4412,0.24430452
4413,0.36659908
4414,0.27022073
4415,0.25701505
4416,0.22773094
4417,0.25670412
4418,0.24970551
4419,0.25701505
4420,0.27022073
4421,0.25242442
4422,0.29413924
4423,0.27501592
4424,0.35138083
4425,0.25242442
4426,0.2542635
4427,0.25242442
4428,0.26864073
4429,0.27501592
4430,0.24970551
4431,0.26222986
4432,0.2713549
4433,0.21842417
4434,0.27022073
4435,0.25701505
4436,0.2542635
4437,0.24970551
4438,0.24430452
4439,0.30445784
4440,0.2542635
4441,0.27501592
4442,0.2542635
4443,0.25701505
4444,0.27022073
4445,0.22773094
4446,0.25701505
4447,0.2780924
4448,0.25242442
4449,0.2542635
4450,0.24970551
4451,0.25242442
4452,0.21842417
4453,0.27501592
4454,0.25242442
4455,0.27022073
4456,0.25701505
4457,0.3169623
4458,0.25242442
4459,0.25701505
4460,0.2780924
4461,0.26354852
4462,0.32872653
4463,0.25701505
4464,0.25242442
4465,0.27501592
4466,0.27501592
4467,0.2542635
4468,0.25242442
4469,0.37223217
4470,0.25062388
4471,0.25701505
4472,0.25701505
4473,0.25701505
4474,0.35138083
4475,0.27022073
4476,0.25701505
4477,0.25701505
4478,0.25701505
4479,0.2542635
4480,0.25701505
4481,0.2542635
4482,0.2780924
4483,0.25701505
4484,0.25701505
4485,0.27501592
4486,0.25701505
4487,0.25701505
4488,0.2542635
4489,0.27501592
4490,0.27022073
4491,0.25701505
4492,0.25701505
4493,0.24430452
4494,0.25701505
4495,0.2668215
4496,0.25701505
4497,0.27022073
4498,0.25701505
4499,0.26610914
4500,0.25242442
4501,0.27022073
4502,0.26354852
4503,0.2542635
4504,0.2542635
4505,0.25701505
4506,0.25701505
4507,0.25701505
4508,0.33407086
4509,0.25701505
4510,0.2899682
4511,0.25701505
4512,0.37223217
4513,0.22773094
4514,0.2542635
4515,0.2542635
4516,0.2780924
4517,0.31223133
4518,0.27501592
4519,0.24970551
4520,0.21842417
4521,0.25242442
4522,0.27022073
4523,0.25242442
4524,0.25701505
4525,0.25701505
4526,0.25701505
4527,0.25701505
4528,0.25701505
4529,0.25701505
4530,0.24430452
4531,0.27501592
4532,0.27022073
4533,0.24970551
4534,0.25242442
4535,0.24970551
4536,0.2542635
4537,0.27501592
4538,0.24970551
4539,0.25701505
4540,0.25701505
4541,0.24970551
4542,0.27501592
4543,0.22773094
4544,0.27022073
4545,0.21842417
4546,0.2542635
4547,0.25701505
4548,0.28728837
4549,0.25701505
4550,0.27022073
4551,0.2542635
4552,0.25701505
4553,0.25701505
4554,0.27022073
4555,0.24970551
4556,0.27022073
4557,0.25701505
4558,0.29936126
4559,0.26354852
4560,0.2305901
4561,0.25701505
4562,0.25242442
4563,0.25701505
4564,0.25701505
4565,0.2542635
4566,0.21842417
4567,0.25701505
4568,0.25242442
4569,0.24430452
4570,0.22773094
4571,0.2542635
4572,0.27022073
4573,0.25701505
4574,0.29413924
4575,0.27501592
4576,0.26354852
4577,0.21842417
4578,0.25701505
4579,0.24430452
4580,0.30123383
4581,0.2897932
4582,0.24430452
4583,0.30445784
4584,0.27501592
4585,0.31223133
4586,0.27022073
4587,0.2542635
4588,0.24970551
4589,0.25701505
4590,0.2542635
4591,0.2780924
4592,0.25701505
4593,0.26471093
4594,0.2542635
4595,0.25701505
4596,0.25701505
4597,0.25242442
4598,0.27501592
4599,0.27501592
4600,0.25701505
4601,0.22773094
4602,0.25701505
4603,0.27501592
4604,0.25701505
4605,0.2542635
4606,0.25701505
4607,0.2542635
4608,0.29936126
4609,0.2542635
4610,0.25242442
4611,0.2780924
4612,0.27501592
4613,0.37223217
4614,0.2542635
4615,0.29936126
4616,0.30445784
4617,0.27022073
4618,0.26354852
4619,0.27501592
4620,0.25242442
4621,0.2542635
4622,0.2542635
4623,0.27501592
4624,0.21842417
4625,0.24430452
4626,0.25701505
4627,0.24430452
4628,0.25701505
4629,0.22773094
4630,0.30445784
4631,0.35139498
4632,0.25701505
4633,0.26864073
4634,0.35138083
4635,0.27501592
4636,0.25701505
4637,0.27501592
4638,0.25701505
4639,0.25701505
4640,0.24970551
4641,0.21842417
4642,0.24359664
4643,0.2542635
4644,0.22773094
4645,0.29936126
4646,0.26471093
4647,0.26864073
4648,0.27022073
4649,0.37223217
4650,0.27022073
4651,0.2542635
4652,0.27022073
4653,0.25701505
4654,0.27501592
4655,0.27501592
4656,0.25701505
4657,0.24970551
4658,0.30445784
4659,0.30445784
4660,0.25701505
4661,0.25701505
4662,0.2542635
4663,0.27501592
4664,0.27022073
4665,0.2613454
4666,0.27501592
4667,0.24430452
4668,0.29413924
4669,0.27501592
4670,0.25701505
4671,0.24430452
4672,0.27501592
4673,0.30445784
4674,0.27501592
4675,0.27501592
4676,0.2542635
4677,0.21842417
4678,0.26864073
4679,0.2542635
4680,0.21842417
4681,0.2542635
4682,0.25242442
4683,0.27022073
4684,0.25242442
4685,0.27501592
4686,0.28216797
4687,0.27022073
4688,0.27501592
4689,0.27501592
4690,0.24430452
4691,0.2780924
4692,0.25701505
4693,0.27022073
4694,0.21842417
4695,0.2542635
4696,0.27022073
4697,0.2542635
4698,0.27022073
4699,0.27022073
4700,0.24430452
4701,0.27501592
4702,0.27022073
4703,0.27022073
4704,0.27022073
4705,0.2542635
4706,0.25701505
4707,0.26354852
4708,0.27022073
4709,0.24970551
4710,0.25701505
4711,0.25242442
4712,0.2713549
4713,0.21842417
4714,0.25701505
4715,0.25670412
4716,0.27501592
4717,0.2897932
4718,0.27501592
4719,0.26850533
4720,0.2542635
4721,0.27501592
4722,0.2542635
4723,0.33407086
4724,0.27244502
4725,0.30445784
4726,0.24359664
4727,0.25701505
4728,0.25242442
4729,0.25701505
4730,0.27022073
4731,0.24970551
4732,0.24430452
4733,0.2542635
4734,0.29413924
4735,0.27501592
4736,0.2542635
4737,0.27501592
4738,0.25242442
4739,0.34590343
4740,0.27501592
4741,0.25242442
4742,0.35139498
4743,0.2542635
4744,0.25701505
4745,0.28077877
4746,0.25701505
4747,0.2542635
4748,0.27022073
4749,0.2542635
4750,0.24970551
4751,0.35138083
4752,0.27501592
4753,0.2613454
4754,0.25242442
4755,0.24970551
4756,0.27501592
4757,0.27501592
4758,0.27501592
4759,0.2713549
4760,0.25701505
4761,0.27022073
4762,0.25701505
4763,0.37223217
4764,0.21842417
4765,0.24970551
4766,0.25242442
4767,0.2542635
4768,0.27501592
4769,0.26354852
4770,0.24970551
4771,0.2542635
4772,0.30445784
4773,0.24970551
4774,0.28728837
4775,0.2542635
4776,0.35138083
4777,0.25701505
4778,0.21842417
4779,0.25701505
4780,0.25242442
4781,0.25242442
4782,0.27501592
4783,0.27501592
4784,0.25242442
4785,0.25701505
4786,0.2542635
4787,0.27501592
4788,0.24970551
4789,0.27501592
4790,0.2542635
4791,0.24970551
4792,0.25701505
4793,0.25701505
4794,0.2542635
4795,0.26864073
4796,0.2780924
4797,0.25701505
4798,0.25701505
4799,0.25701505
4800,0.25242442
4801,0.2542635
4802,0.27022073
4803,0.25701505
4804,0.27022073
4805,0.27022073
4806,0.25701505
4807,0.2542635
4808,0.25701505
4809,0.2542635
4810,0.2542635
4811,0.25701505
4812,0.27022073
4813,0.24970551
4814,0.27501592
4815,0.24967733
4816,0.24970551
4817,0.25701505
4818,0.2542635
4819,0.27022073
4820,0.25701505
4821,0.26354852
4822,0.25701505
4823,0.27501592
4824,0.25701505
4825,0.25242442
4826,0.2780924
4827,0.30445784
4828,0.2542635
4829,0.25701505
4830,0.25242442
4831,0.24970551
4832,0.28728837
4833,0.2542635
4834,0.2542635
4835,0.28077877
4836,0.29413924
4837,0.21842417
4838,0.2780924
4839,0.25701505
4840,0.2542635
4841,0.24970551
4842,0.21842417
4843,0.27501592
4844,0.25242442
4845,0.27022073
4846,0.25701505
4847,0.25701505
4848,0.26354852
4849,0.27501592
4850,0.2542635
4851,0.22773094
4852,0.30445784
4853,0.2542635
4854,0.25242442
4855,0.27501592
4856,0.27501592
4857,0.2542635
4858,0.25701505
4859,0.30445784
4860,0.21842417
4861,0.27501592
4862,0.27501592
4863,0.24970551
4864,0.27326378
4865,0.27501592
4866,0.25701505
4867,0.24430452
4868,0.21842417
4869,0.27022073
4870,0.26354852
4871,0.27022073
4872,0.24430452
4873,0.2542635
4874,0.25701505
4875,0.2542635
4876,0.27501592
4877,0.35138083
4878,0.27022073
4879,0.27501592
4880,0.25242442
4881,0.26354852
4882,0.28216797
4883,0.25701505
4884,0.25242442
4885,0.25242442
4886,0.25701505
4887,0.27501592
4888,0.25701505
4889,0.37223217
4890,0.27501592
4891,0.25701505
4892,0.27501592
4893,0.2780924
4894,0.25242442
4895,0.2542635
4896,0.2542635
4897,0.2542635
4898,0.27022073
4899,0.27022073
4900,0.25242442
4901,0.24970551
4902,0.25701505
4903,0.29936126
4904,0.2542635
4905,0.2542635
4906,0.2542635
4907,0.27501592
4908,0.2542635
4909,0.25242442
4910,0.2780924
4911,0.27501592
4912,0.2780924
4913,0.27501592
4914,0.2542635
4915,0.27501592
4916,0.27501592
4917,0.2542635
4918,0.25242442
4919,0.25242442
4920,0.24970551
4921,0.28077877
4922,0.25701505
4923,0.2542635
4924,0.25242442
4925,0.21842417
4926,0.24970551
4927,0.25701505
4928,0.27501592
4929,0.24430452
4930,0.25701505
4931,0.2542635
4932,0.25701505
4933,0.25701505
4934,0.32871282
4935,0.25701505
4936,0.33109525
4937,0.2899682
4938,0.2542635
4939,0.2542635
4940,0.27501592
4941,0.24970551
4942,0.2542635
4943,0.2542635
4944,0.2542635
4945,0.26864073
4946,0.285688
4947,0.2542635
4948,0.21842417
4949,0.25701505
4950,0.27022073
4951,0.27022073
4952,0.24970551
4953,0.25701505
4954,0.24970551
4955,0.2542635
4956,0.28728837
4957,0.27022073
4958,0.24970551
4959,0.27501592
4960,0.27022073
4961,0.30445784
4962,0.30445784
4963,0.25701505
4964,0.27501592
4965,0.27501592
4966,0.32871282
4967,0.27884233
4968,0.29936126
4969,0.27501592
4970,0.27501592
4971,0.25242442
4972,0.25242442
4973,0.2780924
4974,0.2542635
4975,0.2780924
4976,0.25242442
4977,0.25701505
4978,0.25242442
4979,0.2542635
4980,0.30445784
4981,0.25242442
4982,0.2780924
4983,0.21842417
4984,0.25242442
4985,0.25701505
4986,0.26471093
4987,0.25242442
4988,0.25701505
4989,0.25701505
4990,0.27022073
4991,0.27501592
4992,0.27501592
4993,0.2613454
4994,0.27022073
4995,0.27244502
4996,0.25701505
4997,0.21842417
4998,0.27501592
4999,0.2542635
5000,0.27501592
5001,0.2542635
5002,0.2542635
5003,0.2542635
5004,0.28728837
5005,0.2542635
5006,0.25701505
5007,0.25658804
5008,0.25701505
5009,0.25242442
5010,0.2542635
5011,0.24970551
5012,0.2542635
5013,0.30445784
5014,0.25242442
5015,0.2713549
5016,0.2713549
5017,0.26850533
5018,0.25701505
5019,0.29936126
5020,0.21842417
5021,0.24970551
5022,0.2542635
5023,0.25242442
5024,0.27022073
5025,0.26354852
5026,0.21842417
5027,0.2542635
5028,0.25701505
5029,0.25701505
5030,0.24849233
5031,0.33109525
5032,0.25701505
5033,0.25701505
5034,0.27022073
5035,0.25701505
5036,0.28077877
5037,0.25701505
5038,0.27501592
5039,0.22773094
5040,0.27022073
5041,0.27022073
5042,0.25701505
5043,0.33109525
5044,0.27501592
5045,0.2542635
5046,0.2542635
5047,0.3053568
5048,0.31430033
5049,0.2897932
5050,0.2542635
5051,0.25701505
5052,0.27501592
5053,0.25242442
5054,0.21842417
5055,0.22773094
5056,0.2542635
5057,0.26354852
5058,0.37223217
5059,0.25242442
5060,0.27501592
5061,0.29413924
5062,0.25701505
5063,0.27501592
5064,0.27501592
5065,0.27022073
5066,0.2542635
5067,0.25701505
5068,0.27501592
5069,0.28216797
5070,0.25242442
5071,0.27022073
5072,0.25242442
5073,0.27022073
5074,0.27501592
5075,0.27022073
5076,0.2542635
5077,0.27501592
5078,0.26354852
5079,0.32871282
5080,0.26471093
5081,0.21842417
5082,0.25701505
5083,0.24970551
5084,0.25701505
5085,0.25888187
5086,0.25701505
5087,0.2542635
5088,0.27501592
5089,0.24970551
5090,0.26850533
5091,0.2542635
5092,0.21842417
5093,0.25701505
5094,0.25670412
5095,0.30445784
5096,0.25701505
5097,0.2713549
5098,0.27501592
5099,0.2542635
5100,0.24970551
5101,0.25701505
5102,0.24359664
5103,0.25701505
5104,0.2780924
5105,0.27022073
5106,0.24970551
5107,0.2542635
5108,0.25701505
5109,0.25242442
5110,0.24430452
5111,0.24970551
5112,0.26354852
5113,0.27022073
5114,0.28077877
5115,0.24970551
5116,0.25701505
5117,0.2305901
5118,0.27022073
5119,0.25701505
5120,0.25242442
5121,0.2613454
5122,0.27501592
5123,0.2542635
5124,0.2542635
5125,0.27022073
5126,0.24430452
5127,0.27501592
5128,0.27501592
5129,0.25701505
5130,0.2542635
5131,0.27501592
5132,0.37223217
5133,0.2542635
5134,0.2542635
5135,0.2613454
5136,0.30445784
5137,0.2542635
5138,0.2542635
5139,0.32871282
5140,0.25701505
5141,0.28077877
5142,0.27022073
5143,0.27501592
5144,0.27022073
5145,0.25701505
5146,0.36659908
5147,0.26864073
5148,0.2613454
5149,0.33408466
5150,0.25242442
5151,0.29936126
5152,0.27501592
5153,0.27501592
5154,0.25701505
5155,0.2899682
5156,0.24970551
5157,0.27022073
5158,0.25242442
5159,0.26471093
5160,0.27022073
5161,0.25701505
5162,0.25701505
5163,0.24359664
5164,0.25701505
5165,0.24970551
5166,0.24970551
5167,0.25701505
5168,0.27501592
5169,0.25701505
5170,0.2542635
5171,0.25701505
5172,0.28728837
5173,0.22773094
5174,0.27501592
5175,0.27022073
5176,0.27501592
5177,0.30445784
5178,0.27022073
5179,0.24430452
5180,0.25242442
5181,0.27501592
5182,0.27022073
5183,0.2542635
5184,0.27501592
5185,0.22773094
5186,0.2305901
5187,0.21842417
5188,0.25062388
5189,0.2542635
5190,0.28728837
5191,0.25701505
5192,0.2542635
5193,0.22773094
5194,0.27022073
5195,0.25701505
5196,0.24970551
5197,0.27022073
5198,0.26354852
5199,0.24359664
5200,0.2542635
5201,0.25701505
5202,0.2542635
5203,0.22773094
5204,0.29936126
5205,0.25242442
5206,0.25242442
5207,0.27022073
5208,0.21842417
5209,0.27022073
5210,0.25242442
5211,0.27501592
5212,0.2542635
5213,0.25701505
5214,0.25701505
5215,0.25701505
5216,0.27501592
5217,0.34894273
5218,0.27022073
5219,0.30445784
5220,0.25701505
5221,0.22773094
5222,0.25701505
5223,0.25701505
5224,0.27501592
5225,0.27022073
5226,0.25701505
5227,0.2780924
5228,0.24970551
5229,0.25242442
5230,0.27022073
5231,0.24970551
5232,0.35138083
5233,0.25701505
5234,0.2542635
5235,0.27022073
5236,0.25670412
5237,0.27501592
5238,0.29936126
5239,0.2542635
5240,0.25701505
5241,0.26354852
5242,0.25242442
5243,0.25701505
5244,0.22773094
5245,0.2780924
5246,0.25701505
5247,0.25242442
5248,0.285688
5249,0.27501592
5250,0.25701505
5251,0.24970551
5252,0.24430452
5253,0.2780924
5254,0.2542635
5255,0.27501592
5256,0.27022073
5257,0.29936126
5258,0.24970551
5259,0.25701505
5260,0.25701505
5261,0.2542635
5262,0.25242442
5263,0.24430452
5264,0.26864073
5265,0.25242442
5266,0.24970551
5267,0.24430452
5268,0.2542635
5269,0.2542635
5270,0.25701505
5271,0.27022073
5272,0.29413924
5273,0.35139498
5274,0.2542635
5275,0.27501592
5276,0.25242442
5277,0.25701505
5278,0.27501592
5279,0.25701505
5280,0.25701505
5281,0.26354852
5282,0.25701505
5283,0.2542635
5284,0.22773094
5285,0.2542635
5286,0.25242442
5287,0.27501592
5288,0.2780924
5289,0.25701505
5290,0.25701505
5291,0.3458894
5292,0.27022073
5293,0.2668215
5294,0.25242442
5295,0.25957555
5296,0.2542635
5297,0.28216797
5298,0.27022073
5299,0.30445784
5300,0.25242442
5301,0.27501592
5302,0.27022073
5303,0.36659908
5304,0.27501592
5305,0.25701505
5306,0.25701505
5307,0.2713549
5308,0.21842417
5309,0.27501592
5310,0.25701505
5311,0.21842417
5312,0.24970551
5313,0.2542635
5314,0.25701505
5315,0.28216797
5316,0.25701505
5317,0.27501592
5318,0.27022073
5319,0.27022073
5320,0.25197324
5321,0.2542635
5322,0.24970551
5323,0.25197324
5324,0.25701505
5325,0.25242442
5326,0.2542635
5327,0.25701505
5328,0.28216797
5329,0.26354852
5330,0.25701505
5331,0.25701505
5332,0.27501592
5333,0.28077877
5334,0.27501592
5335,0.25701505
5336,0.25701505
5337,0.25701505
5338,0.25701505
5339,0.25701505
5340,0.27501592
5341,0.25701505
5342,0.24359664
5343,0.29413924
5344,0.25701505
5345,0.28216797
5346,0.25701505
5347,0.27501592
5348,0.27501592
5349,0.27501592
5350,0.25701505
5351,0.33407086
5352,0.27501592
5353,0.2780924
5354,0.30445784
5355,0.2713549
5356,0.27501592
5357,0.25701505
5358,0.27501592
5359,0.25701505
5360,0.25242442
5361,0.27501592
5362,0.28216797
5363,0.2780924
5364,0.26866335
5365,0.25701505
5366,0.24430452
5367,0.3458894
5368,0.29413924
5369,0.24970551
5370,0.25701505
5371,0.26354852
5372,0.2542635
5373,0.25701505
5374,0.2542635
5375,0.25701505
5376,0.25701505
5377,0.25242442
5378,0.2542635
5379,0.24970551
5380,0.24359664
5381,0.27501592
5382,0.27022073
5383,0.25701505
5384,0.22773094
5385,0.25701505
5386,0.21842417
5387,0.2305901
5388,0.2542635
5389,0.25242442
5390,0.25701505
5391,0.27022073
5392,0.25701505
5393,0.2542635
5394,0.2542635
5395,0.27501592
5396,0.27022073
5397,0.25701505
5398,0.25242442
5399,0.21842417
5400,0.25242442
5401,0.26864073
5402,0.27501592
5403,0.25701505
5404,0.2542635
5405,0.25701505
5406,0.2542635
5407,0.2542635
5408,0.27022073
5409,0.2542635
5410,0.25701505
5411,0.25701505
5412,0.25701505
5413,0.2780924
5414,0.2542635
5415,0.26610914
5416,0.27501592
5417,0.27501592
5418,0.2542635
5419,0.34590343
5420,0.26354852
5421,0.27022073
5422,0.25701505
5423,0.27022073
5424,0.25701505
5425,0.24430452
5426,0.30445784
5427,0.25701505
5428,0.2542635
5429,0.25242442
5430,0.34894273
5431,0.27022073
5432,0.24970551
5433,0.33407086
5434,0.25701505
5435,0.25701505
5436,0.25242442
5437,0.25701505
5438,0.27022073
5439,0.27501592
5440,0.25701505
5441,0.27501592
5442,0.24970551
5443,0.25701505
5444,0.25701505
5445,0.25242442
5446,0.27022073
5447,0.27501592
5448,0.22773094
5449,0.35138083
5450,0.25701505
5451,0.27501592
5452,0.25701505
5453,0.27022073
5454,0.25701505
5455,0.25242442
5456,0.27022073
5457,0.30445784
5458,0.26354852
5459,0.25701505
5460,0.25701505
5461,0.25701505
5462,0.27022073
5463,0.25701505
5464,0.25701505
5465,0.27022073
5466,0.27501592
5467,0.2899682
5468,0.27022073
5469,0.2542635
5470,0.27501592
5471,0.27501592
5472,0.36837533
5473,0.25701505
5474,0.26391622
5475,0.27244502
5476,0.2780924
5477,0.21842417
5478,0.27022073
5479,0.25242442
5480,0.29936126
5481,0.27501592
5482,0.21842417
5483,0.25701505
5484,0.27501592
5485,0.25701505
5486,0.3544564
5487,0.25701505
5488,0.27501592
5489,0.25701505
5490,0.27501592
5491,0.29936126
5492,0.30445784
5493,0.24970551
5494,0.27501592
5495,0.27022073
5496,0.21842417
5497,0.35138083
5498,0.27501592
5499,0.25701505
5500,0.27022073
5501,0.27022073
5502,0.25701505
5503,0.24970551
5504,0.2542635
5505,0.27022073
5506,0.30911222
5507,0.25701505
5508,0.25130296
5509,0.2542635
5510,0.27022073
5511,0.27672833
5512,0.25701505
5513,0.35138083
5514,0.24430452
5515,0.2542635
5516,0.27022073
5517,0.27022073
5518,0.26354852
5519,0.2542635
5520,0.27022073
5521,0.25701505
5522,0.21842417
5523,0.25701505
5524,0.27022073
5525,0.26354852
5526,0.27022073
5527,0.27022073
5528,0.25242442
5529,0.24430452
5530,0.25701505
5531,0.25701505
5532,0.25242442
5533,0.25701505
5534,0.2542635
5535,0.27501592
5536,0.21842417
5537,0.25242442
5538,0.25701505
5539,0.2542635
5540,0.21842417
5541,0.2613454
5542,0.25242442
5543,0.21842417
5544,0.25701505
5545,0.25242442
5546,0.25701505
5547,0.25701505
5548,0.2668215
5549,0.2542635
5550,0.25242442
5551,0.25701505
5552,0.2542635
5553,0.3458894
5554,0.2542635
5555,0.24970551
5556,0.27022073
5557,0.2542635
5558,0.25701505
5559,0.27501592
5560,0.2542635
5561,0.25242442
5562,0.29936126
5563,0.2613454
5564,0.27501592
5565,0.26471093
5566,0.25242442
5567,0.25701505
5568,0.27501592
5569,0.2542635
5570,0.2542635
5571,0.27022073
5572,0.25242442
5573,0.24970551
5574,0.25701505
5575,0.25701505
5576,0.28216797
5577,0.27501592
5578,0.25701505
5579,0.25242442
5580,0.24970551
5581,0.2542635
5582,0.25701505
5583,0.25701505
5584,0.27244502
5585,0.2542635
5586,0.27501592
5587,0.3544564
5588,0.27022073
5589,0.30445784
5590,0.2780924
5591,0.27022073
5592,0.24970551
5593,0.27501592
5594,0.2542635
5595,0.2613454
5596,0.21842417
5597,0.27022073
5598,0.2542635
5599,0.2542635
5600,0.25701505
5601,0.21842417
5602,0.25701505
5603,0.25242442
5604,0.27501592
5605,0.2780924
5606,0.25701505
5607,0.2542635
5608,0.25242442
5609,0.30445784
5610,0.25701505
5611,0.25242442
5612,0.27501592
5613,0.2542635
5614,0.21842417
5615,0.25701505
5616,0.24430452
5617,0.27022073
5618,0.285688
5619,0.25701505
5620,0.2305901
5621,0.27501592
5622,0.27501592
5623,0.2542635
5624,0.27022073
5625,0.25242442
5626,0.25701505
5627,0.25701505
5628,0.25701505
5629,0.25701505
5630,0.35139498
5631,0.27022073
5632,0.27501592
5633,0.25242442
5634,0.25701505
5635,0.21842417
5636,0.24430452
5637,0.24970551
5638,0.2542635
5639,0.21842417
5640,0.27501592
5641,0.27501592
5642,0.27501592
5643,0.21842417
5644,0.21842417
5645,0.33109525
5646,0.29936126
5647,0.24970551
5648,0.28077877
5649,0.24970551
5650,0.2542635
5651,0.2542635
5652,0.24970551
5653,0.27501592
5654,0.25701505
5655,0.27501592
5656,0.24970551
5657,0.27022073
5658,0.27501592
5659,0.29413924
5660,0.25701505
5661,0.25888187
5662,0.25701505
5663,0.21842417
5664,0.25701505
5665,0.24430452
5666,0.25701505
5667,0.21842417
5668,0.2613454
5669,0.26354852
5670,0.25242442
5671,0.36659908
5672,0.25701505
5673,0.2542635
5674,0.27501592
5675,0.25701505
5676,0.30445784
5677,0.2542635
5678,0.24970551
5679,0.24430452
5680,0.25701505
5681,0.21842417
5682,0.27501592
5683,0.26850533
5684,0.24970551
5685,0.2780924
5686,0.21842417
5687,0.24970551
5688,0.25701505
5689,0.27022073
5690,0.30445784
5691,0.27501592
5692,0.21842417
5693,0.27022073
5694,0.37223217
5695,0.25701505
5696,0.27501592
5697,0.25242442
5698,0.27022073
5699,0.25242442
5700,0.25242442
5701,0.27501592
5702,0.27501592
5703,0.3458894
5704,0.29936126
5705,0.29936126
5706,0.25701505
5707,0.2542635
5708,0.24970551
5709,0.27501592
5710,0.25701505
5711,0.25701505
5712,0.25701505
5713,0.27022073
5714,0.27583715
5715,0.2542635
5716,0.25242442
5717,0.2542635
5718,0.2897932
5719,0.26222986
5720,0.27501592
5721,0.27501592
5722,0.37223217
5723,0.25701505
5724,0.25701505
5725,0.25701505
5726,0.2897932
5727,0.24430452
5728,0.27501592
5729,0.2542635
5730,0.28077877
5731,0.27022073
5732,0.25701505
5733,0.25701505
5734,0.24359664
5735,0.27022073
5736,0.25701505
5737,0.33408466
5738,0.25242442
5739,0.25701505
5740,0.2542635
5741,0.25242442
5742,0.25701505
5743,0.23560844
5744,0.2542635
5745,0.26850533
5746,0.25242442
5747,0.25701505
5748,0.26864073
5749,0.2542635
5750,0.25242442
5751,0.30445784
5752,0.24430452
5753,0.2542635
5754,0.27022073
5755,0.2542635
5756,0.27501592
5757,0.22773094
5758,0.27501592
5759,0.2613454
5760,0.2542635
5761,0.25701505
5762,0.23975211
5763,0.25701505
5764,0.25701505
5765,0.25701505
5766,0.27501592
5767,0.28728837
5768,0.25670412
5769,0.25701505
5770,0.24430452
5771,0.25701505
5772,0.25701505
5773,0.27501592
5774,0.27501592
5775,0.25701505
5776,0.28216797
5777,0.25701505
5778,0.25701505
5779,0.27022073
5780,0.26864073
5781,0.25701505
5782,0.24970551
5783,0.24430452
5784,0.33407086
5785,0.27022073
5786,0.2542635
5787,0.28216797
5788,0.21842417
5789,0.25701505
5790,0.25701505
5791,0.27501592
5792,0.25701505
5793,0.2542635
5794,0.27501592
5795,0.21842417
5796,0.2668215
5797,0.2542635
5798,0.25701505
5799,0.25701505
5800,0.2542635
5801,0.26864073
5802,0.25701505
5803,0.2542635
5804,0.28077877
5805,0.25701505
5806,0.25062388
5807,0.27022073
5808,0.25701505
5809,0.27501592
5810,0.26354852
5811,0.25701505
5812,0.31223133
5813,0.2613454
5814,0.34590343
5815,0.26354852
5816,0.25062388
5817,0.27501592
5818,0.2542635
5819,0.24970551
5820,0.2542635
5821,0.25701505
5822,0.24970551
5823,0.2713549
5824,0.25701505
5825,0.27022073
5826,0.27022073
5827,0.2542635
5828,0.25701505
5829,0.27501592
5830,0.27672833
5831,0.27022073
5832,0.2542635
5833,0.27022073
5834,0.3053568
5835,0.2899682
5836,0.2542635
5837,0.25242442
5838,0.24970551
5839,0.25242442
5840,0.27501592
5841,0.27501592
5842,0.27022073
5843,0.31223133
5844,0.27022073
5845,0.3458894
5846,0.31223133
5847,0.27022073
5848,0.27501592
5849,0.27501592
5850,0.21842417
5851,0.24970551
5852,0.2305901
5853,0.27501592
5854,0.31223133
5855,0.25242442
5856,0.2542635
5857,0.2542635
5858,0.25701505
5859,0.2780924
5860,0.2580603
5861,0.25701505
5862,0.25242442
5863,0.2780924
5864,0.24970551
5865,0.2542635
5866,0.25701505
5867,0.2542635
5868,0.27022073
5869,0.21842417
5870,0.25701505
5871,0.2542635
5872,0.2542635
5873,0.25701505
5874,0.26354852
5875,0.25701505
5876,0.27501592
5877,0.25242442
5878,0.25701505
5879,0.27022073
5880,0.26222986
5881,0.25701505
5882,0.27501592
5883,0.25658804
5884,0.27501592
5885,0.2542635
5886,0.29936126
5887,0.30445784
5888,0.27501592
5889,0.2542635
5890,0.28216797
5891,0.25242442
5892,0.27022073
5893,0.25701505
5894,0.2613454
5895,0.22773094
5896,0.25701505
5897,0.25670412
5898,0.2780924
5899,0.2542635
5900,0.21842417
5901,0.24970551
5902,0.25701505
5903,0.27022073
5904,0.25701505
5905,0.28728837
5906,0.24970551
5907,0.25701505
5908,0.25242442
5909,0.27501592
5910,0.25701505
5911,0.27501592
5912,0.25701505
5913,0.25701505
5914,0.2542635
5915,0.25701505
5916,0.25701505
5917,0.2542635
5918,0.2542635
5919,0.27501592
5920,0.2542635
5921,0.25701505
5922,0.2613454
5923,0.2542635
5924,0.2542635
5925,0.27022073
5926,0.26864073
5927,0.30445784
5928,0.27022073
5929,0.25242442
5930,0.27501592
5931,0.2542635
5932,0.27022073
5933,0.29936126
5934,0.24970551
5935,0.27501592
5936,0.24970551
5937,0.27244502
5938,0.25701505
5939,0.24430452
5940,0.2542635
5941,0.27022073
5942,0.21842417
5943,0.2713549
5944,0.25701505
5945,0.25242442
5946,0.27022073
5947,0.27501592
5948,0.26864073
5949,0.2542635
5950,0.24970551
5951,0.25701505
5952,0.2713549
5953,0.25701505
5954,0.25242442
5955,0.26391622
5956,0.27501592
5957,0.25701505
5958,0.2542635
5959,0.2542635
5960,0.25701505
5961,0.27022073
5962,0.25701505
5963,0.27501592
5964,0.21842417
5965,0.27501592
5966,0.25701505
5967,0.25701505
5968,0.25818163
5969,0.25701505
5970,0.2542635
5971,0.21842417
5972,0.27022073
5973,0.285688
5974,0.25197324
5975,0.25701505
5976,0.25701505
5977,0.25701505
5978,0.27501592
5979,0.27501592
5980,0.26864073
5981,0.27022073
5982,0.27501592
5983,0.2542635
5984,0.21842417
5985,0.24970551
5986,0.2780924
5987,0.27501592
5988,0.21842417
5989,0.24430452
5990,0.25242442
5991,0.35138083
5992,0.27501592
5993,0.27022073
5994,0.25701505
5995,0.25701505
5996,0.24970551
5997,0.27501592
5998,0.25242442
5999,0.25701505
